Year,Employment_Change,State
2011,0,Kansas
2011.083333,0.001377291,Kansas
2011.166667,0.004197715,Kansas
2011.25,0.001474274,Kansas
2011.333333,2.80E-04,Kansas
2011.416667,-0.001691586,Kansas
2011.5,-0.00145991,Kansas
2011.583333,-0.001551801,Kansas
2011.666667,-0.002488044,Kansas
2011.75,-0.003700278,Kansas
2011.833333,-0.001228435,Kansas
2011.916667,6.12E-04,Kansas
2012,8.70E-05,Kansas
2012.083333,0.002749656,Kansas
2012.166667,0.005725089,Kansas
2012.25,0.003537307,Kansas
2012.333333,0.001666482,Kansas
2012.416667,0.003272209,Kansas
2012.5,0.003003698,Kansas
2012.583333,0.002742161,Kansas
2012.666667,0.002035946,Kansas
2012.75,0.002268441,Kansas
2012.833333,0.010902863,Kansas
2012.916667,0.010347146,Kansas
2013,0.01213912,Kansas
2013.083333,0.011872965,Kansas
2013.166667,0.012692974,Kansas
2013.25,0.010910566,Kansas
2013.333333,0.009704636,Kansas
2013.416667,0.010107876,Kansas
2013.5,0.009886566,Kansas
2013.583333,0.009900185,Kansas
2013.666667,0.009825136,Kansas
2013.75,0.008760038,Kansas
2013.833333,0.008111251,Kansas
2013.916667,0.008385191,Kansas
2014,0.011402707,Kansas
2014.083333,0.006624865,Kansas
2014.166667,0.009565214,Kansas
2014.25,0.009608091,Kansas
2014.333333,0.009741797,Kansas
2014.416667,0.010006895,Kansas
2014.5,0.005686787,Kansas
2014.583333,0.004081819,Kansas
2014.666667,0.003680218,Kansas
2014.75,0.004987825,Kansas
2014.833333,0.004631952,Kansas
2014.916667,0.004492151,Kansas
2015,0.00755498,Kansas
2015.083333,0.006088876,Kansas
2015.166667,0.008770119,Kansas
2015.25,0.007819271,Kansas
2015.333333,0.010272133,Kansas
2015.416667,0.011429178,Kansas
2015.5,0.009476312,Kansas
2015.583333,0.00776643,Kansas
2015.666667,0.006482627,Kansas
2015.75,0.007363176,Kansas
2015.833333,0.007991342,Kansas
2015.916667,0.008600556,Kansas
2016,0.011174989,Kansas
2016.083333,0.009128663,Kansas
2016.166667,0.005201128,Kansas
2016.25,0.00689407,Kansas
2016.333333,0.005319766,Kansas
2016.416667,0.005866,Kansas
2016.5,0.006214376,Kansas
2016.583333,0.006479,Kansas
2016.666667,0.007218213,Kansas
2016.75,0.006942916,Kansas
2016.833333,0.006165919,Kansas
2016.916667,0.006643359,Kansas
2017,0.007838454,Kansas
2017.083333,0.006497552,Kansas
2017.166667,0.009132784,Kansas
2017.25,0.008606247,Kansas
2017.333333,0.008438062,Kansas
2017.416667,0.005434352,Kansas
2017.5,0.003833424,Kansas
2017.583333,0.00447086,Kansas
2017.666667,0.006794647,Kansas
2017.75,0.002909083,Kansas
2017.833333,0.008567863,Kansas
2017.916667,0.00726861,Kansas
2018,0.005312021,Kansas
2018.083333,0.007223862,Kansas
2018.166667,0.008421272,Kansas
2018.25,0.007473367,Kansas
2018.333333,0.006549525,Kansas
2018.416667,0.006337301,Kansas
2018.5,0.006020318,Kansas
2018.583333,0.00432913,Kansas
2018.666667,0.003303494,Kansas
2018.75,0.004423518,Kansas
2018.833333,0.004570566,Kansas
2018.916667,0.004213644,Kansas
2019,0.003978733,Kansas
2019.083333,0.005698025,Kansas
2019.166667,0.008775925,Kansas
2019.25,0.008645308,Kansas
2019.333333,0.008789862,Kansas
2019.416667,0.005364479,Kansas
2019.5,0.005935185,Kansas
2019.583333,0.007505242,Kansas
2019.666667,0.008377945,Kansas
2019.75,0.00897676,Kansas
2019.833333,0.010290814,Kansas
2019.916667,0.008482648,Kansas
2020,0.010252901,Kansas
2020.083333,0.005966359,Kansas
2020.166667,0.006007052,Kansas
2020.25,0.009882476,Kansas
2020.333333,0.01248226,Kansas
2020.416667,0.008378288,Kansas
2020.5,0.009822945,Kansas
2020.583333,0.00925063,Kansas
2020.666667,0.008379274,Kansas
2020.75,0.007476222,Kansas
2020.833333,0.008956843,Kansas
2020.916667,0.007389539,Kansas
2021,0.008057017,Kansas
2021.083333,0.011514647,Kansas
2021.166667,0.009180502,Kansas
2021.25,0.00944448,Kansas
2021.333333,0.004663557,Kansas
2021.416667,0.002237733,Kansas
2021.5,0.004240199,Kansas
2021.583333,0.00591771,Kansas
2021.666667,0.003885465,Kansas
2021.75,0.0039875,Kansas
2021.833333,0.004674056,Kansas
2021.916667,0.002905158,Kansas
2022,0.00396225,Kansas
2022.083333,0.003073284,Kansas
2022.166667,0.002991545,Kansas
2022.25,0.001571879,Kansas
2022.333333,0.00475257,Kansas
2022.416667,0.004329676,Kansas
2022.5,9.91E-04,Kansas
2022.583333,0.003498654,Kansas
2022.666667,0.00624986,Kansas
2022.75,0.004592564,Kansas
2022.833333,0.004497915,Kansas
2022.916667,0.004674056,Kansas
2023,0.004907732,Kansas
2011,0,Missouri
2011.083333,0.012065108,Missouri
2011.166667,0.00968964,Missouri
2011.25,0.00666661,Missouri
2011.333333,0.008249078,Missouri
2011.416667,0.006944561,Missouri
2011.5,0.006748492,Missouri
2011.583333,0.006389948,Missouri
2011.666667,0.005673863,Missouri
2011.75,0.009969725,Missouri
2011.833333,0.014327801,Missouri
2011.916667,0.013441815,Missouri
2012,0.012287876,Missouri
2012.083333,0.010805903,Missouri
2012.166667,0.014276894,Missouri
2012.25,0.015708575,Missouri
2012.333333,0.019450609,Missouri
2012.416667,0.016670892,Missouri
2012.5,0.018472787,Missouri
2012.583333,0.01508492,Missouri
2012.666667,0.01292915,Missouri
2012.75,0.014894137,Missouri
2012.833333,0.012908218,Missouri
2012.916667,0.011367782,Missouri
2013,0.009055346,Missouri
2013.083333,0.025464292,Missouri
2013.166667,0.024049015,Missouri
2013.25,0.025909584,Missouri
2013.333333,0.028454489,Missouri
2013.416667,0.031335132,Missouri
2013.5,0.0306132,Missouri
2013.583333,0.022138678,Missouri
2013.666667,0.020361025,Missouri
2013.75,0.017135769,Missouri
2013.833333,0.008787778,Missouri
2013.916667,0.007253261,Missouri
2014,0.009932242,Missouri
2014.083333,0.018950066,Missouri
2014.166667,0.018253171,Missouri
2014.25,0.018289809,Missouri
2014.333333,0.026230013,Missouri
2014.416667,0.027362669,Missouri
2014.5,0.023205099,Missouri
2014.583333,0.016748053,Missouri
2014.666667,0.018788661,Missouri
2014.75,0.01432323,Missouri
2014.833333,-0.003736991,Missouri
2014.916667,-0.00233342,Missouri
2015,-3.60E-04,Missouri
2015.083333,0.004562179,Missouri
2015.166667,0.005072686,Missouri
2015.25,0.003545629,Missouri
2015.333333,-6.76E-04,Missouri
2015.416667,-0.001719243,Missouri
2015.5,-4.52E-04,Missouri
2015.583333,5.03E-04,Missouri
2015.666667,-7.27E-04,Missouri
2015.75,0.001292171,Missouri
2015.833333,-0.005711954,Missouri
2015.916667,-0.004055053,Missouri
2016,-0.004259463,Missouri
2016.083333,-0.004010214,Missouri
2016.166667,-0.005142679,Missouri
2016.25,-0.006852026,Missouri
2016.333333,-0.003295101,Missouri
2016.416667,-0.006991498,Missouri
2016.5,-0.002014397,Missouri
2016.583333,6.75E-04,Missouri
2016.666667,1.05E-05,Missouri
2016.75,1.76E-04,Missouri
2016.833333,-0.003607924,Missouri
2016.916667,-0.00362778,Missouri
2017,0.002063875,Missouri
2017.083333,0.002436882,Missouri
2017.166667,0.003212863,Missouri
2017.25,0.004221706,Missouri
2017.333333,8.43E-04,Missouri
2017.416667,-8.26E-04,Missouri
2017.5,-7.33E-04,Missouri
2017.583333,-4.56E-04,Missouri
2017.666667,-0.003118495,Missouri
2017.75,-0.00427209,Missouri
2017.833333,-0.012716771,Missouri
2017.916667,-0.013929627,Missouri
2018,-0.009335902,Missouri
2018.083333,-0.007230446,Missouri
2018.166667,-0.007285057,Missouri
2018.25,-0.005595036,Missouri
2018.333333,-0.007764466,Missouri
2018.416667,-0.005511624,Missouri
2018.5,-0.009848988,Missouri
2018.583333,-0.008353239,Missouri
2018.666667,-0.005373681,Missouri
2018.75,-0.008554137,Missouri
2018.833333,-0.011737113,Missouri
2018.916667,-0.011428463,Missouri
2019,-0.010072838,Missouri
2019.083333,-0.010641536,Missouri
2019.166667,-0.009409935,Missouri
2019.25,-0.004937895,Missouri
2019.333333,-0.003499237,Missouri
2019.416667,-0.003927058,Missouri
2019.5,-0.006683369,Missouri
2019.583333,-0.006536472,Missouri
2019.666667,-0.008923543,Missouri
2019.75,-0.008543282,Missouri
2019.833333,0.003959445,Missouri
2019.916667,0.005630621,Missouri
2020,0.00697431,Missouri
2020.083333,0.008350207,Missouri
2020.166667,0.007354666,Missouri
2020.25,0.008556252,Missouri
2020.333333,0.009995196,Missouri
2020.416667,0.009943793,Missouri
2020.5,0.006285803,Missouri
2020.583333,0.002996794,Missouri
2020.666667,0.002936061,Missouri
2020.75,0.001568309,Missouri
2020.833333,0.001581329,Missouri
2020.916667,0.003065878,Missouri
2021,0.002967749,Missouri
2021.083333,0.00317711,Missouri
2021.166667,0.002184604,Missouri
2021.25,0.005406768,Missouri
2021.333333,0.007791741,Missouri
2021.416667,0.003432555,Missouri
2021.5,2.75E-04,Missouri
2021.583333,-2.97E-04,Missouri
2021.666667,-0.002668944,Missouri
2021.75,-9.92E-04,Missouri
2021.833333,-0.001343813,Missouri
2021.916667,-0.002991245,Missouri
2022,-9.17E-04,Missouri
2022.083333,0.004001974,Missouri
2022.166667,0.00265158,Missouri
2022.25,0.002920892,Missouri
2022.333333,0.009969725,Missouri
2022.416667,0.00869569,Missouri
2022.5,7.10E-04,Missouri
2022.583333,-0.003472378,Missouri
2022.666667,-0.004574729,Missouri
2022.75,-0.003213473,Missouri
2022.833333,-0.004455398,Missouri
2022.916667,-0.005675785,Missouri
2023,-0.005625394,Missouri
2011,0,Missouri
2011.083333,0.00356674,Missouri
2011.166667,0.006738416,Missouri
2011.25,0.002482713,Missouri
2011.333333,0.006730206,Missouri
2011.416667,0.007426352,Missouri
2011.5,0.003343649,Missouri
2011.583333,0.002449063,Missouri
2011.666667,9.69E-04,Missouri
2011.75,-0.001172074,Missouri
2011.833333,4.74E-04,Missouri
2011.916667,7.64E-04,Missouri
2012,0.00217101,Missouri
2012.083333,-0.002485825,Missouri
2012.166667,0.001324362,Missouri
2012.25,0.001279475,Missouri
2012.333333,0.007479023,Missouri
2012.416667,0.004291567,Missouri
2012.5,0.002538804,Missouri
2012.583333,-0.01195555,Missouri
2012.666667,-0.011240554,Missouri
2012.75,-0.012159846,Missouri
2012.833333,-0.003780848,Missouri
2012.916667,-0.006065056,Missouri
2013,-0.002972748,Missouri
2013.083333,0.003971969,Missouri
2013.166667,0.003371972,Missouri
2013.25,0.006962856,Missouri
2013.333333,0.007897266,Missouri
2013.416667,0.005986858,Missouri
2013.5,0.005918539,Missouri
2013.583333,0.004508808,Missouri
2013.666667,0.002454133,Missouri
2013.75,0.001548446,Missouri
2013.833333,0.001882285,Missouri
2013.916667,6.91E-04,Missouri
2014,0.002531029,Missouri
2014.083333,0.011631256,Missouri
2014.166667,0.013119297,Missouri
2014.25,0.014642701,Missouri
2014.333333,0.010499394,Missouri
2014.416667,0.010746491,Missouri
2014.5,0.007941064,Missouri
2014.583333,0.006059371,Missouri
2014.666667,0.00373859,Missouri
2014.75,0.003155453,Missouri
2014.833333,-3.15E-04,Missouri
2014.916667,2.24E-04,Missouri
2015,2.83E-04,Missouri
2015.083333,6.09E-04,Missouri
2015.166667,0.002924277,Missouri
2015.25,0.004711873,Missouri
2015.333333,0.00420602,Missouri
2015.416667,0.002952716,Missouri
2015.5,0.00426568,Missouri
2015.583333,0.002348766,Missouri
2015.666667,0.001294674,Missouri
2015.75,0.00112655,Missouri
2015.833333,0.002849665,Missouri
2015.916667,0.004892816,Missouri
2016,0.014664483,Missouri
2016.083333,0.014383362,Missouri
2016.166667,0.009014052,Missouri
2016.25,0.009059227,Missouri
2016.333333,0.00560229,Missouri
2016.416667,0.004051411,Missouri
2016.5,0.003098846,Missouri
2016.583333,0.005447534,Missouri
2016.666667,0.006777118,Missouri
2016.75,0.004840085,Missouri
2016.833333,0.001734415,Missouri
2016.916667,0.001929679,Missouri
2017,0.002848533,Missouri
2017.083333,0.005016083,Missouri
2017.166667,0.007401828,Missouri
2017.25,0.006886821,Missouri
2017.333333,0.003746373,Missouri
2017.416667,0.003415438,Missouri
2017.5,0.004725378,Missouri
2017.583333,0.00296987,Missouri
2017.666667,0.005106052,Missouri
2017.75,0.00646257,Missouri
2017.833333,0.009160001,Missouri
2017.916667,0.005514094,Missouri
2018,0.010722599,Missouri
2018.083333,0.013304685,Missouri
2018.166667,0.011694266,Missouri
2018.25,0.01333462,Missouri
2018.333333,0.012991173,Missouri
2018.416667,0.012216726,Missouri
2018.5,0.013613858,Missouri
2018.583333,0.006315859,Missouri
2018.666667,0.006059371,Missouri
2018.75,0.003456291,Missouri
2018.833333,0.001799366,Missouri
2018.916667,7.07E-04,Missouri
2019,0.003178781,Missouri
2019.083333,0.007016931,Missouri
2019.166667,0.008998655,Missouri
2019.25,0.013386983,Missouri
2019.333333,0.008907118,Missouri
2019.416667,0.00844165,Missouri
2019.5,0.011254665,Missouri
2019.583333,0.006990622,Missouri
2019.666667,0.006172626,Missouri
2019.75,0.007099867,Missouri
2019.833333,0.005027398,Missouri
2019.916667,0.0060751,Missouri
2020,0.01139419,Missouri
2020.083333,0.009500838,Missouri
2020.166667,0.010793754,Missouri
2020.25,0.013081293,Missouri
2020.333333,0.005683433,Missouri
2020.416667,0.004736194,Missouri
2020.5,0.005478595,Missouri
2020.583333,0.003452223,Missouri
2020.666667,0.004343405,Missouri
2020.75,0.007044538,Missouri
2020.833333,0.004562908,Missouri
2020.916667,0.005188821,Missouri
2021,0.006129365,Missouri
2021.083333,0.002948607,Missouri
2021.166667,0.003590069,Missouri
2021.25,0.00820083,Missouri
2021.333333,0.005872141,Missouri
2021.416667,0.003834804,Missouri
2021.5,0.008487548,Missouri
2021.583333,0.003422997,Missouri
2021.666667,0.001734415,Missouri
2021.75,0.00462108,Missouri
2021.833333,0.003879869,Missouri
2021.916667,0.002323956,Missouri
2022,0.005393816,Missouri
2022.083333,7.13E-04,Missouri
2022.166667,9.77E-04,Missouri
2022.25,0.006837717,Missouri
2022.333333,0.006526046,Missouri
2022.416667,0.005516483,Missouri
2022.5,0.00837245,Missouri
2022.583333,0.003995831,Missouri
2022.666667,0.005652567,Missouri
2022.75,0.006413649,Missouri
2022.833333,0.001997964,Missouri
2022.916667,0.003841224,Missouri
2023,0.008639621,Missouri
2011,0,Kansas
2011.083333,0.00383308,Kansas
2011.166667,0.009511212,Kansas
2011.25,0.008110004,Kansas
2011.333333,0.007972104,Kansas
2011.416667,0.00796666,Kansas
2011.5,0.007086169,Kansas
2011.583333,0.007983046,Kansas
2011.666667,0.008381096,Kansas
2011.75,0.00773599,Kansas
2011.833333,0.006765856,Kansas
2011.916667,0.007720678,Kansas
2012,0.008515193,Kansas
2012.083333,0.011341106,Kansas
2012.166667,0.013354613,Kansas
2012.25,0.01366685,Kansas
2012.333333,0.011869926,Kansas
2012.416667,0.010780208,Kansas
2012.5,0.016277633,Kansas
2012.583333,0.013363794,Kansas
2012.666667,0.010562992,Kansas
2012.75,0.010425003,Kansas
2012.833333,0.005787768,Kansas
2012.916667,0.00486541,Kansas
2013,0.005423067,Kansas
2013.083333,0.008697983,Kansas
2013.166667,0.010068841,Kansas
2013.25,0.008952779,Kansas
2013.333333,0.008829324,Kansas
2013.416667,0.006083233,Kansas
2013.5,0.009541752,Kansas
2013.583333,0.010874192,Kansas
2013.666667,0.011342933,Kansas
2013.75,0.009407632,Kansas
2013.833333,0.003073541,Kansas
2013.916667,0.001691422,Kansas
2014,0.001756403,Kansas
2014.083333,0.007231963,Kansas
2014.166667,0.006701193,Kansas
2014.25,0.002641744,Kansas
2014.333333,0.003713231,Kansas
2014.416667,0.002394092,Kansas
2014.5,0.003392506,Kansas
2014.583333,0.006568801,Kansas
2014.666667,0.00348552,Kansas
2014.75,0.001834774,Kansas
2014.833333,0.001334666,Kansas
2014.916667,0.002938398,Kansas
2015,0.002101872,Kansas
2015.083333,3.29E-04,Kansas
2015.166667,0.002533029,Kansas
2015.25,0.002572806,Kansas
2015.333333,0.003751047,Kansas
2015.416667,0.012548237,Kansas
2015.5,0.01109389,Kansas
2015.583333,0.006209233,Kansas
2015.666667,0.005905129,Kansas
2015.75,0.003830054,Kansas
2015.833333,0.001793422,Kansas
2015.916667,0.001600198,Kansas
2016,0.004787046,Kansas
2016.083333,0.005084092,Kansas
2016.166667,0.004767065,Kansas
2016.25,0.00418993,Kansas
2016.333333,0.004140144,Kansas
2016.416667,0.003029943,Kansas
2016.5,0.006117752,Kansas
2016.583333,0.004551564,Kansas
2016.666667,0.003518504,Kansas
2016.75,0.003728783,Kansas
2016.833333,0.001311156,Kansas
2016.916667,0.003275023,Kansas
2017,0.005894269,Kansas
2017.083333,0.008025417,Kansas
2017.166667,0.011029414,Kansas
2017.25,0.014745832,Kansas
2017.333333,0.010876363,Kansas
2017.416667,0.0091375,Kansas
2017.5,0.008132492,Kansas
2017.583333,0.003688069,Kansas
2017.666667,0.00182338,Kansas
2017.75,-5.68E-04,Kansas
2017.833333,-3.26E-04,Kansas
2017.916667,3.12E-04,Kansas
2018,0.00164521,Kansas
2018.083333,0.002344043,Kansas
2018.166667,0.002704355,Kansas
2018.25,0.003485229,Kansas
2018.333333,0.004516913,Kansas
2018.416667,0.008013003,Kansas
2018.5,0.012348698,Kansas
2018.583333,0.011562575,Kansas
2018.666667,0.009490276,Kansas
2018.75,0.00835758,Kansas
2018.833333,0.009137303,Kansas
2018.916667,0.00972218,Kansas
2019,0.007818215,Kansas
2019.083333,0.008929444,Kansas
2019.166667,0.007925985,Kansas
2019.25,0.008695081,Kansas
2019.333333,0.007782195,Kansas
2019.416667,0.008018911,Kansas
2019.5,0.010783119,Kansas
2019.583333,0.006723077,Kansas
2019.666667,0.007958691,Kansas
2019.75,0.007723316,Kansas
2019.833333,0.003415493,Kansas
2019.916667,0.001029156,Kansas
2020,0.002480608,Kansas
2020.083333,9.33E-04,Kansas
2020.166667,0.005596274,Kansas
2020.25,0.007055541,Kansas
2020.333333,0.005391549,Kansas
2020.416667,0.003731326,Kansas
2020.5,0.003260659,Kansas
2020.583333,0.001488366,Kansas
2020.666667,0.001678976,Kansas
2020.75,0.003265315,Kansas
2020.833333,-6.02E-04,Kansas
2020.916667,8.47E-04,Kansas
2021,0.002328424,Kansas
2021.083333,7.42E-04,Kansas
2021.166667,3.20E-04,Kansas
2021.25,0.004435053,Kansas
2021.333333,0.001846127,Kansas
2021.416667,0.002517522,Kansas
2021.5,0.004076479,Kansas
2021.583333,0.003195877,Kansas
2021.666667,0.002438872,Kansas
2021.75,0.002500104,Kansas
2021.833333,0.001609636,Kansas
2021.916667,0.001286633,Kansas
2022,0.004566086,Kansas
2022.083333,0.004686114,Kansas
2022.166667,0.004347776,Kansas
2022.25,0.005470693,Kansas
2022.333333,0.003020513,Kansas
2022.416667,0.004714157,Kansas
2022.5,0.012568084,Kansas
2022.583333,0.010043439,Kansas
2022.666667,0.008513404,Kansas
2022.75,0.00704133,Kansas
2022.833333,0.006912601,Kansas
2022.916667,0.005314398,Kansas
2023,0.005843171,Kansas
2011,0,Kansas
2011.083333,0.001834799,Kansas
2011.166667,-2.02E-04,Kansas
2011.25,-6.06E-04,Kansas
2011.333333,-1.03E-04,Kansas
2011.416667,-0.001469005,Kansas
2011.5,-6.57E-04,Kansas
2011.583333,-0.001204566,Kansas
2011.666667,-0.004759982,Kansas
2011.75,-0.007260047,Kansas
2011.833333,-0.002914344,Kansas
2011.916667,-0.003446628,Kansas
2012,-0.002316242,Kansas
2012.083333,-0.001719865,Kansas
2012.166667,-0.002978481,Kansas
2012.25,-0.004341428,Kansas
2012.333333,-0.001399742,Kansas
2012.416667,3.61E-04,Kansas
2012.5,0.002492657,Kansas
2012.583333,-0.002607202,Kansas
2012.666667,1.52E-04,Kansas
2012.75,5.63E-05,Kansas
2012.833333,-0.004943055,Kansas
2012.916667,-0.004976435,Kansas
2013,-0.004033365,Kansas
2013.083333,-0.006209982,Kansas
2013.166667,-0.005780197,Kansas
2013.25,-0.007062081,Kansas
2013.333333,-0.002769684,Kansas
2013.416667,-0.002747547,Kansas
2013.5,-0.008009436,Kansas
2013.583333,-0.004045325,Kansas
2013.666667,-0.004292811,Kansas
2013.75,-0.008946636,Kansas
2013.833333,-0.011540179,Kansas
2013.916667,-0.011323859,Kansas
2014,-0.008806445,Kansas
2014.083333,-0.012193278,Kansas
2014.166667,-0.007826192,Kansas
2014.25,-0.008755055,Kansas
2014.333333,-0.00705704,Kansas
2014.416667,-0.007259456,Kansas
2014.5,-0.00834311,Kansas
2014.583333,-0.00769561,Kansas
2014.666667,-0.008762332,Kansas
2014.75,-0.007835659,Kansas
2014.833333,-0.0097016,Kansas
2014.916667,-0.008389917,Kansas
2015,-0.007797584,Kansas
2015.083333,-0.00624429,Kansas
2015.166667,-0.007231045,Kansas
2015.25,-0.008136963,Kansas
2015.333333,-0.008325739,Kansas
2015.416667,-0.009285045,Kansas
2015.5,-0.009151325,Kansas
2015.583333,-0.006565542,Kansas
2015.666667,-0.008689404,Kansas
2015.75,-0.008061071,Kansas
2015.833333,-0.00782512,Kansas
2015.916667,-0.005970176,Kansas
2016,-0.005808631,Kansas
2016.083333,-0.00683018,Kansas
2016.166667,-0.005445114,Kansas
2016.25,-0.006209707,Kansas
2016.333333,-0.007568264,Kansas
2016.416667,-0.006055468,Kansas
2016.5,-0.004259643,Kansas
2016.583333,-0.004656937,Kansas
2016.666667,-0.006769684,Kansas
2016.75,-0.007122684,Kansas
2016.833333,-0.009620375,Kansas
2016.916667,-0.009825711,Kansas
2017,-0.012348601,Kansas
2017.083333,-0.007247078,Kansas
2017.166667,-0.00876558,Kansas
2017.25,-0.00943489,Kansas
2017.333333,-0.00525412,Kansas
2017.416667,-0.010309914,Kansas
2017.5,-0.009299321,Kansas
2017.583333,-0.007491265,Kansas
2017.666667,-0.011097103,Kansas
2017.75,-0.01043607,Kansas
2017.833333,-0.008959189,Kansas
2017.916667,-0.008410883,Kansas
2018,-0.007219374,Kansas
2018.083333,-0.00578382,Kansas
2018.166667,-0.004554753,Kansas
2018.25,-0.005722141,Kansas
2018.333333,-0.008159324,Kansas
2018.416667,-0.008673665,Kansas
2018.5,-0.006063885,Kansas
2018.583333,-0.007604349,Kansas
2018.666667,-0.009317454,Kansas
2018.75,-0.009904341,Kansas
2018.833333,NA,Kansas
2018.916667,NA,Kansas
2019,NA,Kansas
2019.083333,-0.012279325,Kansas
2019.166667,-0.010562536,Kansas
2019.25,-0.010955646,Kansas
2019.333333,-0.01188815,Kansas
2019.416667,-0.011834466,Kansas
2019.5,-0.011751792,Kansas
2019.583333,NA,Kansas
2019.666667,NA,Kansas
2019.75,NA,Kansas
2019.833333,-0.012555624,Kansas
2019.916667,-0.013928121,Kansas
2020,-0.011190945,Kansas
2020.083333,-0.012591425,Kansas
2020.166667,-0.011000107,Kansas
2020.25,-0.008703495,Kansas
2020.333333,-0.009324502,Kansas
2020.416667,-0.00953401,Kansas
2020.5,-0.006952165,Kansas
2020.583333,-0.010126998,Kansas
2020.666667,-0.010043493,Kansas
2020.75,-0.010376501,Kansas
2020.833333,-0.009727077,Kansas
2020.916667,-0.011239517,Kansas
2021,-0.01231694,Kansas
2021.083333,-0.011792784,Kansas
2021.166667,-0.012016417,Kansas
2021.25,-0.01285664,Kansas
2021.333333,-0.010648365,Kansas
2021.416667,-0.009817635,Kansas
2021.5,-0.008474285,Kansas
2021.583333,-0.012106517,Kansas
2021.666667,-0.010038802,Kansas
2021.75,-0.011217979,Kansas
2021.833333,-0.011248193,Kansas
2021.916667,-0.007699777,Kansas
2022,-0.008333421,Kansas
2022.083333,-0.01323217,Kansas
2022.166667,-0.010581664,Kansas
2022.25,-0.009868487,Kansas
2022.333333,-0.011827541,Kansas
2022.416667,-0.012636649,Kansas
2022.5,-0.012199973,Kansas
2022.583333,-0.013201079,Kansas
2022.666667,-0.010785165,Kansas
2022.75,-0.010001715,Kansas
2022.833333,-0.01103882,Kansas
2022.916667,-0.009887652,Kansas
2023,-0.01006147,Kansas
2011,0,Missouri
2011.083333,0.001223858,Missouri
2011.166667,0.001888873,Missouri
2011.25,7.36E-04,Missouri
2011.333333,-1.96E-04,Missouri
2011.416667,4.45E-04,Missouri
2011.5,-4.77E-04,Missouri
2011.583333,-6.68E-04,Missouri
2011.666667,-1.16E-04,Missouri
2011.75,-5.87E-04,Missouri
2011.833333,-0.002090782,Missouri
2011.916667,-8.31E-04,Missouri
2012,-2.11E-04,Missouri
2012.083333,6.75E-04,Missouri
2012.166667,0.001383785,Missouri
2012.25,6.06E-04,Missouri
2012.333333,-1.08E-05,Missouri
2012.416667,3.61E-04,Missouri
2012.5,2.45E-04,Missouri
2012.583333,6.60E-04,Missouri
2012.666667,6.41E-04,Missouri
2012.75,2.66E-04,Missouri
2012.833333,3.00E-04,Missouri
2012.916667,0.001079535,Missouri
2013,9.89E-04,Missouri
2013.083333,0.001571486,Missouri
2013.166667,0.002098819,Missouri
2013.25,0.002612329,Missouri
2013.333333,0.003145367,Missouri
2013.416667,0.003183343,Missouri
2013.5,0.001763475,Missouri
2013.583333,0.001436984,Missouri
2013.666667,0.001239552,Missouri
2013.75,3.82E-04,Missouri
2013.833333,9.59E-04,Missouri
2013.916667,7.15E-04,Missouri
2014,0.001879543,Missouri
2014.083333,-3.36E-04,Missouri
2014.166667,-4.70E-04,Missouri
2014.25,1.13E-04,Missouri
2014.333333,2.96E-04,Missouri
2014.416667,4.35E-04,Missouri
2014.5,1.96E-04,Missouri
2014.583333,2.57E-05,Missouri
2014.666667,-9.18E-04,Missouri
2014.75,-0.001529171,Missouri
2014.833333,-0.002048039,Missouri
2014.916667,-0.002346182,Missouri
2015,-0.001722543,Missouri
2015.083333,-0.001544787,Missouri
2015.166667,6.96E-04,Missouri
2015.25,1.29E-04,Missouri
2015.333333,3.13E-04,Missouri
2015.416667,2.08E-04,Missouri
2015.5,-7.69E-04,Missouri
2015.583333,-3.82E-05,Missouri
2015.666667,-0.001011999,Missouri
2015.75,-8.76E-04,Missouri
2015.833333,6.55E-04,Missouri
2015.916667,1.65E-04,Missouri
2016,0.001082531,Missouri
2016.083333,0.001798065,Missouri
2016.166667,0.002849577,Missouri
2016.25,0.002656371,Missouri
2016.333333,5.13E-04,Missouri
2016.416667,2.48E-04,Missouri
2016.5,6.59E-04,Missouri
2016.583333,5.46E-04,Missouri
2016.666667,3.41E-04,Missouri
2016.75,0.001831683,Missouri
2016.833333,0.003003839,Missouri
2016.916667,0.002610044,Missouri
2017,0.00403017,Missouri
2017.083333,0.004090791,Missouri
2017.166667,0.004870244,Missouri
2017.25,0.004066226,Missouri
2017.333333,0.003455705,Missouri
2017.416667,0.003114334,Missouri
2017.5,0.002900016,Missouri
2017.583333,0.002785892,Missouri
2017.666667,0.001397316,Missouri
2017.75,0.001193881,Missouri
2017.833333,4.53E-04,Missouri
2017.916667,4.70E-04,Missouri
2018,0.001474867,Missouri
2018.083333,0.001575383,Missouri
2018.166667,0.001369021,Missouri
2018.25,0.002386629,Missouri
2018.333333,0.001071095,Missouri
2018.416667,0.001312966,Missouri
2018.5,5.64E-04,Missouri
2018.583333,7.47E-05,Missouri
2018.666667,-6.32E-04,Missouri
2018.75,-0.001100531,Missouri
2018.833333,0.002041591,Missouri
2018.916667,0.002438061,Missouri
2019,0.002948612,Missouri
2019.083333,0.003630522,Missouri
2019.166667,0.00376071,Missouri
2019.25,0.003021292,Missouri
2019.333333,0.002378237,Missouri
2019.416667,0.003716095,Missouri
2019.5,0.002657751,Missouri
2019.583333,0.002713156,Missouri
2019.666667,0.003363023,Missouri
2019.75,0.003467006,Missouri
2019.833333,0.005757523,Missouri
2019.916667,0.00598012,Missouri
2020,0.006287903,Missouri
2020.083333,0.002541582,Missouri
2020.166667,0.004876243,Missouri
2020.25,0.004725365,Missouri
2020.333333,0.006107358,Missouri
2020.416667,0.006704192,Missouri
2020.5,0.005185108,Missouri
2020.583333,0.005260613,Missouri
2020.666667,0.006020407,Missouri
2020.75,0.005438375,Missouri
2020.833333,0.005375244,Missouri
2020.916667,0.005502599,Missouri
2021,0.005895919,Missouri
2021.083333,0.004943423,Missouri
2021.166667,0.005449968,Missouri
2021.25,0.00574258,Missouri
2021.333333,0.006407971,Missouri
2021.416667,0.005819907,Missouri
2021.5,0.006367663,Missouri
2021.583333,0.005941418,Missouri
2021.666667,0.005089406,Missouri
2021.75,0.005213562,Missouri
2021.833333,0.004991551,Missouri
2021.916667,0.00526922,Missouri
2022,0.006424432,Missouri
2022.083333,0.005877601,Missouri
2022.166667,0.006543263,Missouri
2022.25,0.006240483,Missouri
2022.333333,0.005799125,Missouri
2022.416667,0.006322388,Missouri
2022.5,0.006254987,Missouri
2022.583333,0.00864764,Missouri
2022.666667,0.008060981,Missouri
2022.75,0.007801965,Missouri
2022.833333,0.008149187,Missouri
2022.916667,0.008123698,Missouri
2023,0.009555707,Missouri
2011,0,Missouri
2011.083333,-0.002012372,Missouri
2011.166667,3.90E-04,Missouri
2011.25,0.002032569,Missouri
2011.333333,1.42E-04,Missouri
2011.416667,-9.13E-04,Missouri
2011.5,-0.003240688,Missouri
2011.583333,-0.002570721,Missouri
2011.666667,-0.001887871,Missouri
2011.75,-0.003496545,Missouri
2011.833333,-0.003315505,Missouri
2011.916667,-0.003730743,Missouri
2012,-0.002164935,Missouri
2012.083333,-0.001787878,Missouri
2012.166667,-7.02E-04,Missouri
2012.25,-1.39E-04,Missouri
2012.333333,-2.51E-04,Missouri
2012.416667,2.06E-05,Missouri
2012.5,-0.002101635,Missouri
2012.583333,-0.003196407,Missouri
2012.666667,-0.004809907,Missouri
2012.75,-0.003277516,Missouri
2012.833333,1.92E-04,Missouri
2012.916667,-4.69E-04,Missouri
2013,8.18E-04,Missouri
2013.083333,8.20E-04,Missouri
2013.166667,0.001022203,Missouri
2013.25,0.002850768,Missouri
2013.333333,0.00181882,Missouri
2013.416667,-8.85E-04,Missouri
2013.5,-0.002441678,Missouri
2013.583333,-7.74E-04,Missouri
2013.666667,-0.001575735,Missouri
2013.75,-0.001190574,Missouri
2013.833333,0.002352999,Missouri
2013.916667,-6.87E-04,Missouri
2014,-3.43E-04,Missouri
2014.083333,-0.001241168,Missouri
2014.166667,4.26E-04,Missouri
2014.25,0.002671211,Missouri
2014.333333,0.002563847,Missouri
2014.416667,0.001137449,Missouri
2014.5,3.86E-04,Missouri
2014.583333,-0.001270269,Missouri
2014.666667,-0.001848014,Missouri
2014.75,-0.003029853,Missouri
2014.833333,0.005865629,Missouri
2014.916667,0.005380434,Missouri
2015,0.006675902,Missouri
2015.083333,0.004945301,Missouri
2015.166667,0.007108666,Missouri
2015.25,0.006265206,Missouri
2015.333333,0.006040503,Missouri
2015.416667,0.004610526,Missouri
2015.5,0.003766611,Missouri
2015.583333,0.003647321,Missouri
2015.666667,0.005893502,Missouri
2015.75,0.008249015,Missouri
2015.833333,0.00829784,Missouri
2015.916667,0.006300442,Missouri
2016,0.007350078,Missouri
2016.083333,0.007505651,Missouri
2016.166667,0.009173509,Missouri
2016.25,0.008625154,Missouri
2016.333333,0.008731845,Missouri
2016.416667,0.007831555,Missouri
2016.5,0.006681183,Missouri
2016.583333,0.004580299,Missouri
2016.666667,0.005813459,Missouri
2016.75,0.006510311,Missouri
2016.833333,0.007681863,Missouri
2016.916667,0.006871506,Missouri
2017,0.007980207,Missouri
2017.083333,0.00774488,Missouri
2017.166667,0.008250539,Missouri
2017.25,0.010600337,Missouri
2017.333333,0.006851186,Missouri
2017.416667,0.00745466,Missouri
2017.5,0.005754794,Missouri
2017.583333,0.005910668,Missouri
2017.666667,0.004808143,Missouri
2017.75,0.003241386,Missouri
2017.833333,0.003416702,Missouri
2017.916667,0.00290386,Missouri
2018,0.003860853,Missouri
2018.083333,0.002839591,Missouri
2018.166667,0.003828607,Missouri
2018.25,0.006384166,Missouri
2018.333333,0.006290673,Missouri
2018.416667,0.006679001,Missouri
2018.5,0.005369161,Missouri
2018.583333,0.004496308,Missouri
2018.666667,0.005059388,Missouri
2018.75,0.005382575,Missouri
2018.833333,0.00644601,Missouri
2018.916667,0.007145661,Missouri
2019,0.006613982,Missouri
2019.083333,0.005713565,Missouri
2019.166667,0.007470836,Missouri
2019.25,0.007399908,Missouri
2019.333333,0.008258268,Missouri
2019.416667,0.006378703,Missouri
2019.5,0.006432257,Missouri
2019.583333,0.005701699,Missouri
2019.666667,0.005408373,Missouri
2019.75,0.005991039,Missouri
2019.833333,0.006892631,Missouri
2019.916667,0.009153274,Missouri
2020,0.008058222,Missouri
2020.083333,0.002763204,Missouri
2020.166667,0.005541851,Missouri
2020.25,0.009252549,Missouri
2020.333333,0.008914732,Missouri
2020.416667,0.009748146,Missouri
2020.5,0.010813495,Missouri
2020.583333,0.00674625,Missouri
2020.666667,0.005862777,Missouri
2020.75,0.007028789,Missouri
2020.833333,0.005265947,Missouri
2020.916667,0.007580466,Missouri
2021,0.007759492,Missouri
2021.083333,0.004539775,Missouri
2021.166667,0.003921159,Missouri
2021.25,0.007401959,Missouri
2021.333333,0.010045366,Missouri
2021.416667,0.009982734,Missouri
2021.5,0.009011359,Missouri
2021.583333,0.00287667,Missouri
2021.666667,0.001309951,Missouri
2021.75,0.002008821,Missouri
2021.833333,0.004977683,Missouri
2021.916667,0.005935181,Missouri
2022,0.006992458,Missouri
2022.083333,0.003907583,Missouri
2022.166667,0.004098757,Missouri
2022.25,0.004524683,Missouri
2022.333333,0.004995921,Missouri
2022.416667,0.003209494,Missouri
2022.5,0.003313397,Missouri
2022.583333,5.71E-04,Missouri
2022.666667,9.24E-04,Missouri
2022.75,0.001101566,Missouri
2022.833333,0.004823278,Missouri
2022.916667,0.003574598,Missouri
2023,0.002785661,Missouri
2011,0,Kansas
2011.083333,0.008617718,Kansas
2011.166667,0.010820311,Kansas
2011.25,0.011710574,Kansas
2011.333333,0.012655432,Kansas
2011.416667,0.014196185,Kansas
2011.5,0.016147608,Kansas
2011.583333,0.008441032,Kansas
2011.666667,0.010867354,Kansas
2011.75,0.008991997,Kansas
2011.833333,0.011005319,Kansas
2011.916667,0.008457081,Kansas
2012,0.010488304,Kansas
2012.083333,0.01134467,Kansas
2012.166667,0.013688522,Kansas
2012.25,0.012345071,Kansas
2012.333333,0.011662463,Kansas
2012.416667,0.015382467,Kansas
2012.5,0.015922377,Kansas
2012.583333,0.016485445,Kansas
2012.666667,0.014865597,Kansas
2012.75,0.016162579,Kansas
2012.833333,0.011636172,Kansas
2012.916667,0.015599794,Kansas
2013,0.01858158,Kansas
2013.083333,0.021483321,Kansas
2013.166667,0.022390799,Kansas
2013.25,0.016206604,Kansas
2013.333333,0.019969052,Kansas
2013.416667,0.019969321,Kansas
2013.5,0.018320346,Kansas
2013.583333,0.014397804,Kansas
2013.666667,0.012883196,Kansas
2013.75,0.014380026,Kansas
2013.833333,0.01312479,Kansas
2013.916667,0.014248445,Kansas
2014,0.017917718,Kansas
2014.083333,0.02096201,Kansas
2014.166667,0.022211824,Kansas
2014.25,0.022116093,Kansas
2014.333333,0.018663212,Kansas
2014.416667,0.01948202,Kansas
2014.5,0.018646158,Kansas
2014.583333,0.014637543,Kansas
2014.666667,0.01516448,Kansas
2014.75,0.014478024,Kansas
2014.833333,0.012008352,Kansas
2014.916667,0.014419272,Kansas
2015,0.015435537,Kansas
2015.083333,0.01693298,Kansas
2015.166667,0.018369043,Kansas
2015.25,0.019983357,Kansas
2015.333333,0.024268667,Kansas
2015.416667,0.025651114,Kansas
2015.5,0.02254733,Kansas
2015.583333,0.022554562,Kansas
2015.666667,0.024628918,Kansas
2015.75,0.021657226,Kansas
2015.833333,0.022554562,Kansas
2015.916667,0.023822298,Kansas
2016,0.025372825,Kansas
2016.083333,0.026465819,Kansas
2016.166667,0.025666057,Kansas
2016.25,0.02399415,Kansas
2016.333333,0.027877198,Kansas
2016.416667,0.029511861,Kansas
2016.5,0.029510488,Kansas
2016.583333,0.024903127,Kansas
2016.666667,0.023880786,Kansas
2016.75,0.022530915,Kansas
2016.833333,0.021562533,Kansas
2016.916667,0.023844837,Kansas
2017,0.026047706,Kansas
2017.083333,0.024100887,Kansas
2017.166667,0.026990711,Kansas
2017.25,0.02685199,Kansas
2017.333333,0.025574095,Kansas
2017.416667,0.027575678,Kansas
2017.5,0.027639651,Kansas
2017.583333,0.021618188,Kansas
2017.666667,0.022494506,Kansas
2017.75,0.023475493,Kansas
2017.833333,0.020006701,Kansas
2017.916667,0.022137434,Kansas
2018,0.021335874,Kansas
2018.083333,0.025298148,Kansas
2018.166667,0.023862949,Kansas
2018.25,0.024700805,Kansas
2018.333333,0.026938606,Kansas
2018.416667,0.0282742,Kansas
2018.5,0.025522861,Kansas
2018.583333,0.018356875,Kansas
2018.666667,0.016664028,Kansas
2018.75,0.016738657,Kansas
2018.833333,0.015112405,Kansas
2018.916667,0.016764931,Kansas
2019,0.019678998,Kansas
2019.083333,0.021335181,Kansas
2019.166667,0.022166728,Kansas
2019.25,0.022140066,Kansas
2019.333333,0.014181075,Kansas
2019.416667,0.014733442,Kansas
2019.5,0.013193679,Kansas
2019.583333,0.012432085,Kansas
2019.666667,0.014800296,Kansas
2019.75,0.015151496,Kansas
2019.833333,0.013492606,Kansas
2019.916667,0.014996452,Kansas
2020,0.016266654,Kansas
2020.083333,0.011083397,Kansas
2020.166667,0.013841149,Kansas
2020.25,0.017443977,Kansas
2020.333333,0.020487932,Kansas
2020.416667,0.022069967,Kansas
2020.5,0.020994345,Kansas
2020.583333,0.021035888,Kansas
2020.666667,0.022247102,Kansas
2020.75,0.020514346,Kansas
2020.833333,0.019306722,Kansas
2020.916667,0.017687426,Kansas
2021,0.020181109,Kansas
2021.083333,0.022170666,Kansas
2021.166667,0.020858534,Kansas
2021.25,0.019594594,Kansas
2021.333333,0.016917256,Kansas
2021.416667,0.016324156,Kansas
2021.5,0.01883246,Kansas
2021.583333,0.0177714,Kansas
2021.666667,0.016579015,Kansas
2021.75,0.018680738,Kansas
2021.833333,0.017225677,Kansas
2021.916667,0.013106344,Kansas
2022,0.013910315,Kansas
2022.083333,0.019757071,Kansas
2022.166667,0.022131751,Kansas
2022.25,0.020714099,Kansas
2022.333333,0.018518343,Kansas
2022.416667,0.016102182,Kansas
2022.5,0.018161264,Kansas
2022.583333,0.021501079,Kansas
2022.666667,0.020970116,Kansas
2022.75,0.019332389,Kansas
2022.833333,0.01776938,Kansas
2022.916667,0.018686334,Kansas
2023,0.019296607,Kansas
2011,0,Missouri
2011.083333,0.001036312,Missouri
2011.166667,0.002404222,Missouri
2011.25,0.001803305,Missouri
2011.333333,0.002107145,Missouri
2011.416667,0.003486936,Missouri
2011.5,0.001021819,Missouri
2011.583333,0.00160695,Missouri
2011.666667,0.002106686,Missouri
2011.75,0.002233306,Missouri
2011.833333,0.004482697,Missouri
2011.916667,0.005221252,Missouri
2012,0.004798051,Missouri
2012.083333,0.004785908,Missouri
2012.166667,0.007093123,Missouri
2012.25,0.006509341,Missouri
2012.333333,0.006139563,Missouri
2012.416667,0.006194061,Missouri
2012.5,0.00518337,Missouri
2012.583333,0.006551853,Missouri
2012.666667,0.006133582,Missouri
2012.75,0.007342332,Missouri
2012.833333,0.006421181,Missouri
2012.916667,0.005418796,Missouri
2013,0.005543385,Missouri
2013.083333,0.005609702,Missouri
2013.166667,0.005410604,Missouri
2013.25,0.005220429,Missouri
2013.333333,0.007302456,Missouri
2013.416667,0.006144743,Missouri
2013.5,0.005208795,Missouri
2013.583333,0.004781604,Missouri
2013.666667,0.004266618,Missouri
2013.75,0.004559933,Missouri
2013.833333,0.005576987,Missouri
2013.916667,0.003503261,Missouri
2014,0.004909367,Missouri
2014.083333,0.004748896,Missouri
2014.166667,0.004911859,Missouri
2014.25,0.005077839,Missouri
2014.333333,0.005012171,Missouri
2014.416667,0.004283054,Missouri
2014.5,0.00437715,Missouri
2014.583333,0.003748519,Missouri
2014.666667,0.003771985,Missouri
2014.75,0.004293297,Missouri
2014.833333,0.005027213,Missouri
2014.916667,0.005566468,Missouri
2015,0.005750008,Missouri
2015.083333,0.004750759,Missouri
2015.166667,0.005250974,Missouri
2015.25,0.00656274,Missouri
2015.333333,0.007810154,Missouri
2015.416667,0.007169677,Missouri
2015.5,0.006045149,Missouri
2015.583333,0.004664676,Missouri
2015.666667,0.006048149,Missouri
2015.75,0.006052958,Missouri
2015.833333,0.004108419,Missouri
2015.916667,0.003973877,Missouri
2016,0.004342414,Missouri
2016.083333,0.004184566,Missouri
2016.166667,0.004657896,Missouri
2016.25,0.00495592,Missouri
2016.333333,0.004136227,Missouri
2016.416667,0.00429611,Missouri
2016.5,0.002920914,Missouri
2016.583333,0.002839421,Missouri
2016.666667,0.003027071,Missouri
2016.75,0.003398018,Missouri
2016.833333,0.004318106,Missouri
2016.916667,0.004686823,Missouri
2017,0.004546486,Missouri
2017.083333,0.004551246,Missouri
2017.166667,0.004801363,Missouri
2017.25,0.00447471,Missouri
2017.333333,0.004413517,Missouri
2017.416667,0.003235055,Missouri
2017.5,0.002809519,Missouri
2017.583333,0.002571833,Missouri
2017.666667,0.003325452,Missouri
2017.75,0.003839926,Missouri
2017.833333,0.007330658,Missouri
2017.916667,0.007281232,Missouri
2018,0.007137071,Missouri
2018.083333,0.006980728,Missouri
2018.166667,0.007495182,Missouri
2018.25,0.007214766,Missouri
2018.333333,0.00691761,Missouri
2018.416667,0.007144407,Missouri
2018.5,0.006170874,Missouri
2018.583333,0.006321744,Missouri
2018.666667,0.005892382,Missouri
2018.75,0.006624312,Missouri
2018.833333,0.006469483,Missouri
2018.916667,0.007302084,Missouri
2019,0.006983366,Missouri
2019.083333,0.006153459,Missouri
2019.166667,0.00649776,Missouri
2019.25,0.007541799,Missouri
2019.333333,0.007411554,Missouri
2019.416667,0.007462079,Missouri
2019.5,0.006511807,Missouri
2019.583333,0.006795756,Missouri
2019.666667,0.007023444,Missouri
2019.75,0.007305047,Missouri
2019.833333,0.009456281,Missouri
2019.916667,0.008681256,Missouri
2020,0.008581407,Missouri
2020.083333,0.006220032,Missouri
2020.166667,0.009636685,Missouri
2020.25,0.010678293,Missouri
2020.333333,0.010697739,Missouri
2020.416667,0.009590211,Missouri
2020.5,0.009529936,Missouri
2020.583333,0.009459025,Missouri
2020.666667,0.008962732,Missouri
2020.75,0.008220945,Missouri
2020.833333,0.008552836,Missouri
2020.916667,0.008825451,Missouri
2021,0.008428286,Missouri
2021.083333,0.009594636,Missouri
2021.166667,0.009909448,Missouri
2021.25,0.010725086,Missouri
2021.333333,0.009680162,Missouri
2021.416667,0.008591418,Missouri
2021.5,0.008685755,Missouri
2021.583333,0.007161554,Missouri
2021.666667,0.00721393,Missouri
2021.75,0.007208313,Missouri
2021.833333,0.006738417,Missouri
2021.916667,0.008081094,Missouri
2022,0.007964292,Missouri
2022.083333,0.008131593,Missouri
2022.166667,0.007955488,Missouri
2022.25,0.008322088,Missouri
2022.333333,0.009157475,Missouri
2022.416667,0.008339058,Missouri
2022.5,0.007483172,Missouri
2022.583333,0.006749172,Missouri
2022.666667,0.006508926,Missouri
2022.75,0.005999556,Missouri
2022.833333,0.00803848,Missouri
2022.916667,0.008252973,Missouri
2023,0.008615481,Missouri
2011,0,Kansas
2011.083333,-0.010869883,Kansas
2011.166667,-0.010821502,Kansas
2011.25,-0.011964266,Kansas
2011.333333,-0.013710938,Kansas
2011.416667,-0.011953061,Kansas
2011.5,-0.010643333,Kansas
2011.583333,-0.010800531,Kansas
2011.666667,-0.010754654,Kansas
2011.75,-0.009472367,Kansas
2011.833333,-0.0112746,Kansas
2011.916667,-0.011369764,Kansas
2012,-0.012388084,Kansas
2012.083333,-0.011942864,Kansas
2012.166667,-0.014391164,Kansas
2012.25,-0.016642112,Kansas
2012.333333,-0.015789818,Kansas
2012.416667,-0.013811534,Kansas
2012.5,-0.012382196,Kansas
2012.583333,-0.013964642,Kansas
2012.666667,-0.01354216,Kansas
2012.75,-0.014605028,Kansas
2012.833333,-0.019673217,Kansas
2012.916667,-0.017773123,Kansas
2013,-0.017176422,Kansas
2013.083333,-0.013703491,Kansas
2013.166667,-0.017039115,Kansas
2013.25,-0.020816125,Kansas
2013.333333,-0.025106128,Kansas
2013.416667,-0.027266863,Kansas
2013.5,-0.026913692,Kansas
2013.583333,-0.021811808,Kansas
2013.666667,-0.023153908,Kansas
2013.75,-0.018586443,Kansas
2013.833333,-0.018664564,Kansas
2013.916667,-0.016699388,Kansas
2014,-0.012614121,Kansas
2014.083333,-0.013458159,Kansas
2014.166667,-0.015786005,Kansas
2014.25,-0.017505134,Kansas
2014.333333,-0.015661033,Kansas
2014.416667,-0.016456708,Kansas
2014.5,-0.015190666,Kansas
2014.583333,-0.017412006,Kansas
2014.666667,-0.018671901,Kansas
2014.75,-0.019487933,Kansas
2014.833333,-0.020974452,Kansas
2014.916667,-0.02102507,Kansas
2015,-0.019244471,Kansas
2015.083333,-0.020840441,Kansas
2015.166667,-0.02293965,Kansas
2015.25,-0.023179047,Kansas
2015.333333,-0.025319267,Kansas
2015.416667,-0.026835386,Kansas
2015.5,-0.026597331,Kansas
2015.583333,-0.023798086,Kansas
2015.666667,-0.02576768,Kansas
2015.75,-0.025814321,Kansas
2015.833333,-0.036865671,Kansas
2015.916667,-0.037296015,Kansas
2016,-0.024277004,Kansas
2016.083333,-0.023220062,Kansas
2016.166667,-0.027786072,Kansas
2016.25,-0.02836407,Kansas
2016.333333,-0.029685784,Kansas
2016.416667,-0.030770576,Kansas
2016.5,-0.032215883,Kansas
2016.583333,-0.032060399,Kansas
2016.666667,-0.033220418,Kansas
2016.75,-0.033389126,Kansas
2016.833333,-0.037512751,Kansas
2016.916667,-0.038429927,Kansas
2017,-0.037983103,Kansas
2017.083333,-0.038002888,Kansas
2017.166667,-0.040295044,Kansas
2017.25,-0.042378076,Kansas
2017.333333,-0.040831734,Kansas
2017.416667,-0.04070446,Kansas
2017.5,-0.039727173,Kansas
2017.583333,-0.038101292,Kansas
2017.666667,-0.039195734,Kansas
2017.75,-0.041108341,Kansas
2017.833333,-0.044944313,Kansas
2017.916667,-0.044886942,Kansas
2018,-0.043083324,Kansas
2018.083333,-0.043163264,Kansas
2018.166667,-0.045188292,Kansas
2018.25,-0.045540632,Kansas
2018.333333,-0.047478489,Kansas
2018.416667,-0.045733086,Kansas
2018.5,-0.045146591,Kansas
2018.583333,-0.042471306,Kansas
2018.666667,-0.043963624,Kansas
2018.75,-0.04084912,Kansas
2018.833333,-0.038679613,Kansas
2018.916667,-0.040521261,Kansas
2019,-0.040192192,Kansas
2019.083333,-0.039053542,Kansas
2019.166667,-0.039196944,Kansas
2019.25,-0.040368349,Kansas
2019.333333,-0.042083009,Kansas
2019.416667,-0.041110059,Kansas
2019.5,-0.040140668,Kansas
2019.583333,-0.040885714,Kansas
2019.666667,-0.04242824,Kansas
2019.75,-0.042869407,Kansas
2019.833333,-0.042759197,Kansas
2019.916667,-0.042379707,Kansas
2020,-0.040782462,Kansas
2020.083333,-0.043741944,Kansas
2020.166667,-0.041734179,Kansas
2020.25,-0.041487889,Kansas
2020.333333,-0.041579893,Kansas
2020.416667,-0.040667484,Kansas
2020.5,-0.041466564,Kansas
2020.583333,-0.042025129,Kansas
2020.666667,-0.043697591,Kansas
2020.75,-0.043541354,Kansas
2020.833333,-0.042244698,Kansas
2020.916667,-0.041956356,Kansas
2021,-0.041110692,Kansas
2021.083333,-0.039751566,Kansas
2021.166667,-0.040037073,Kansas
2021.25,-0.038704342,Kansas
2021.333333,-0.041822017,Kansas
2021.416667,-0.043561351,Kansas
2021.5,-0.03860102,Kansas
2021.583333,-0.039283548,Kansas
2021.666667,-0.039511118,Kansas
2021.75,-0.038388194,Kansas
2021.833333,-0.035801323,Kansas
2021.916667,-0.03669841,Kansas
2022,-0.03493016,Kansas
2022.083333,-0.03602154,Kansas
2022.166667,-0.035280628,Kansas
2022.25,-0.035314542,Kansas
2022.333333,-0.035972224,Kansas
2022.416667,-0.03613864,Kansas
2022.5,-0.035710394,Kansas
2022.583333,-0.037301269,Kansas
2022.666667,-0.037322315,Kansas
2022.75,-0.035864363,Kansas
2022.833333,-0.037933499,Kansas
2022.916667,-0.037743084,Kansas
2023,-0.036666634,Kansas
2011,0,Missouri
2011.083333,7.60E-04,Missouri
2011.166667,0.001638163,Missouri
2011.25,0.002074952,Missouri
2011.333333,0.001625728,Missouri
2011.416667,0.001398883,Missouri
2011.5,0.00123669,Missouri
2011.583333,0.001503305,Missouri
2011.666667,0.001304407,Missouri
2011.75,9.76E-04,Missouri
2011.833333,2.75E-04,Missouri
2011.916667,3.48E-04,Missouri
2012,7.74E-04,Missouri
2012.083333,8.18E-04,Missouri
2012.166667,0.001360616,Missouri
2012.25,0.001403395,Missouri
2012.333333,0.001307609,Missouri
2012.416667,0.001747831,Missouri
2012.5,0.001362792,Missouri
2012.583333,9.51E-04,Missouri
2012.666667,0.001069963,Missouri
2012.75,9.96E-04,Missouri
2012.833333,0.001308924,Missouri
2012.916667,0.001233689,Missouri
2013,0.001445095,Missouri
2013.083333,0.001774051,Missouri
2013.166667,0.002719436,Missouri
2013.25,0.002676295,Missouri
2013.333333,0.00280384,Missouri
2013.416667,0.00221768,Missouri
2013.5,0.001963757,Missouri
2013.583333,0.002530505,Missouri
2013.666667,0.00229272,Missouri
2013.75,0.002334911,Missouri
2013.833333,0.004133728,Missouri
2013.916667,0.00325513,Missouri
2014,0.003608124,Missouri
2014.083333,0.004545678,Missouri
2014.166667,0.004543804,Missouri
2014.25,0.004489299,Missouri
2014.333333,0.004055557,Missouri
2014.416667,0.003835447,Missouri
2014.5,0.003642235,Missouri
2014.583333,0.003570729,Missouri
2014.666667,0.003154086,Missouri
2014.75,0.00326978,Missouri
2014.833333,0.004094942,Missouri
2014.916667,0.003717674,Missouri
2015,0.004101185,Missouri
2015.083333,0.004448933,Missouri
2015.166667,0.004880133,Missouri
2015.25,0.00454079,Missouri
2015.333333,0.004523465,Missouri
2015.416667,0.00411953,Missouri
2015.5,0.004340823,Missouri
2015.583333,0.004079413,Missouri
2015.666667,0.004214282,Missouri
2015.75,0.004561148,Missouri
2015.833333,0.003844932,Missouri
2015.916667,0.00356785,Missouri
2016,0.004030482,Missouri
2016.083333,0.00482537,Missouri
2016.166667,0.005370541,Missouri
2016.25,0.005230386,Missouri
2016.333333,0.004154995,Missouri
2016.416667,0.003869064,Missouri
2016.5,0.003187758,Missouri
2016.583333,0.003533165,Missouri
2016.666667,0.003333829,Missouri
2016.75,0.003580407,Missouri
2016.833333,0.004313748,Missouri
2016.916667,0.004375729,Missouri
2017,0.004744628,Missouri
2017.083333,0.004345467,Missouri
2017.166667,0.00471542,Missouri
2017.25,0.004932306,Missouri
2017.333333,0.004785592,Missouri
2017.416667,0.004338308,Missouri
2017.5,0.004173959,Missouri
2017.583333,0.003950834,Missouri
2017.666667,0.00387704,Missouri
2017.75,0.004033257,Missouri
2017.833333,0.002033953,Missouri
2017.916667,0.00165293,Missouri
2018,0.002302564,Missouri
2018.083333,0.002132666,Missouri
2018.166667,0.002297636,Missouri
2018.25,0.002695205,Missouri
2018.333333,0.002279252,Missouri
2018.416667,0.001815921,Missouri
2018.5,0.001346041,Missouri
2018.583333,0.001022856,Missouri
2018.666667,0.001257819,Missouri
2018.75,0.001049104,Missouri
2018.833333,0.001813492,Missouri
2018.916667,0.001889178,Missouri
2019,0.002177354,Missouri
2019.083333,0.001831499,Missouri
2019.166667,0.002141924,Missouri
2019.25,0.002317076,Missouri
2019.333333,0.002822661,Missouri
2019.416667,0.003107694,Missouri
2019.5,0.002168676,Missouri
2019.583333,0.001759704,Missouri
2019.666667,0.002022612,Missouri
2019.75,0.001864166,Missouri
2019.833333,0.002490877,Missouri
2019.916667,0.002723143,Missouri
2020,0.002822744,Missouri
2020.083333,-0.001103295,Missouri
2020.166667,0.001803379,Missouri
2020.25,0.003432821,Missouri
2020.333333,0.004436618,Missouri
2020.416667,0.004133815,Missouri
2020.5,0.003521934,Missouri
2020.583333,0.003306827,Missouri
2020.666667,0.002698528,Missouri
2020.75,0.003120581,Missouri
2020.833333,0.003137218,Missouri
2020.916667,0.002903975,Missouri
2021,0.002919817,Missouri
2021.083333,0.002317714,Missouri
2021.166667,0.002564598,Missouri
2021.25,0.003258484,Missouri
2021.333333,0.003169954,Missouri
2021.416667,0.002674992,Missouri
2021.5,0.002665345,Missouri
2021.583333,0.002102223,Missouri
2021.666667,0.002055106,Missouri
2021.75,0.002573529,Missouri
2021.833333,0.003356059,Missouri
2021.916667,0.003603744,Missouri
2022,0.004145664,Missouri
2022.083333,0.003842779,Missouri
2022.166667,0.004107105,Missouri
2022.25,0.00428201,Missouri
2022.333333,0.003541568,Missouri
2022.416667,0.002822196,Missouri
2022.5,0.002499128,Missouri
2022.583333,0.002293635,Missouri
2022.666667,0.002404582,Missouri
2022.75,0.002963416,Missouri
2022.833333,0.002533859,Missouri
2022.916667,0.002137159,Missouri
2023,0.002496534,Missouri
2011,0,Missouri
2011.083333,0.00284493,Missouri
2011.166667,0.003372188,Missouri
2011.25,0.005688741,Missouri
2011.333333,0.004213261,Missouri
2011.416667,0.003479242,Missouri
2011.5,0.004324144,Missouri
2011.583333,0.003863917,Missouri
2011.666667,0.003415946,Missouri
2011.75,0.002855718,Missouri
2011.833333,0.002968047,Missouri
2011.916667,0.002660738,Missouri
2012,0.004664679,Missouri
2012.083333,0.005835389,Missouri
2012.166667,0.005110617,Missouri
2012.25,0.004740172,Missouri
2012.333333,0.004112167,Missouri
2012.416667,0.003993471,Missouri
2012.5,0.003680819,Missouri
2012.583333,0.002720629,Missouri
2012.666667,0.002093464,Missouri
2012.75,0.002842688,Missouri
2012.833333,-7.39E-04,Missouri
2012.916667,-0.001053979,Missouri
2013,-7.74E-05,Missouri
2013.083333,0.00164365,Missouri
2013.166667,0.003406069,Missouri
2013.25,0.002071469,Missouri
2013.333333,-1.50E-04,Missouri
2013.416667,-0.001185554,Missouri
2013.5,-0.001237685,Missouri
2013.583333,-5.12E-04,Missouri
2013.666667,-0.001085159,Missouri
2013.75,-0.001015597,Missouri
2013.833333,-1.25E-04,Missouri
2013.916667,-3.35E-04,Missouri
2014,3.03E-04,Missouri
2014.083333,0.00118208,Missouri
2014.166667,0.001570154,Missouri
2014.25,6.78E-04,Missouri
2014.333333,6.89E-04,Missouri
2014.416667,0.002154611,Missouri
2014.5,0.002148281,Missouri
2014.583333,9.89E-04,Missouri
2014.666667,-1.54E-04,Missouri
2014.75,2.77E-04,Missouri
2014.833333,0.002906944,Missouri
2014.916667,0.002879645,Missouri
2015,0.003396367,Missouri
2015.083333,0.005139994,Missouri
2015.166667,0.006099235,Missouri
2015.25,0.005469684,Missouri
2015.333333,0.004423753,Missouri
2015.416667,0.004608148,Missouri
2015.5,0.004211782,Missouri
2015.583333,0.004543637,Missouri
2015.666667,0.00428501,Missouri
2015.75,0.003999609,Missouri
2015.833333,0.007387331,Missouri
2015.916667,0.008272462,Missouri
2016,0.008825955,Missouri
2016.083333,0.009088342,Missouri
2016.166667,0.009560111,Missouri
2016.25,0.009810801,Missouri
2016.333333,0.008051567,Missouri
2016.416667,0.008373805,Missouri
2016.5,0.008732828,Missouri
2016.583333,0.007640874,Missouri
2016.666667,0.00718147,Missouri
2016.75,0.006591804,Missouri
2016.833333,0.007461414,Missouri
2016.916667,0.008039614,Missouri
2017,0.008067825,Missouri
2017.083333,0.009246426,Missouri
2017.166667,0.009464005,Missouri
2017.25,0.008975788,Missouri
2017.333333,0.007691424,Missouri
2017.416667,0.007886592,Missouri
2017.5,0.008181024,Missouri
2017.583333,0.007671885,Missouri
2017.666667,0.007111851,Missouri
2017.75,0.007035025,Missouri
2017.833333,0.010564089,Missouri
2017.916667,0.011006934,Missouri
2018,0.012056315,Missouri
2018.083333,0.012309248,Missouri
2018.166667,0.012941881,Missouri
2018.25,0.013059667,Missouri
2018.333333,0.013057803,Missouri
2018.416667,0.013030574,Missouri
2018.5,0.013387463,Missouri
2018.583333,0.01213328,Missouri
2018.666667,0.012580183,Missouri
2018.75,0.012245174,Missouri
2018.833333,0.012308306,Missouri
2018.916667,0.012730357,Missouri
2019,0.013448469,Missouri
2019.083333,0.014095206,Missouri
2019.166667,0.014703733,Missouri
2019.25,0.015285624,Missouri
2019.333333,0.013597756,Missouri
2019.416667,0.014587304,Missouri
2019.5,0.014339678,Missouri
2019.583333,0.014638854,Missouri
2019.666667,0.014175697,Missouri
2019.75,0.014031448,Missouri
2019.833333,0.015055952,Missouri
2019.916667,0.014898831,Missouri
2020,0.017345127,Missouri
2020.083333,0.01200211,Missouri
2020.166667,0.017962952,Missouri
2020.25,0.019519226,Missouri
2020.333333,0.018087852,Missouri
2020.416667,0.018148279,Missouri
2020.5,0.017738069,Missouri
2020.583333,0.017586349,Missouri
2020.666667,0.015822401,Missouri
2020.75,0.016447779,Missouri
2020.833333,0.017283358,Missouri
2020.916667,0.017422168,Missouri
2021,0.016315196,Missouri
2021.083333,0.017194465,Missouri
2021.166667,0.016823789,Missouri
2021.25,0.018143471,Missouri
2021.333333,0.018081414,Missouri
2021.416667,0.016679565,Missouri
2021.5,0.01620911,Missouri
2021.583333,0.015666528,Missouri
2021.666667,0.014127895,Missouri
2021.75,0.014585896,Missouri
2021.833333,0.015384767,Missouri
2021.916667,0.016382742,Missouri
2022,0.01798594,Missouri
2022.083333,0.018370486,Missouri
2022.166667,0.017722959,Missouri
2022.25,0.018001675,Missouri
2022.333333,0.017907853,Missouri
2022.416667,0.019375183,Missouri
2022.5,0.016094799,Missouri
2022.583333,0.016411301,Missouri
2022.666667,0.015642187,Missouri
2022.75,0.016374586,Missouri
2022.833333,0.013551344,Missouri
2022.916667,0.012630835,Missouri
2023,0.013409355,Missouri
2011,0,Kansas
2011.083333,1.22E-04,Kansas
2011.166667,6.78E-04,Kansas
2011.25,0.001087963,Kansas
2011.333333,5.13E-04,Kansas
2011.416667,5.07E-04,Kansas
2011.5,-4.76E-05,Kansas
2011.583333,-4.94E-05,Kansas
2011.666667,-2.72E-04,Kansas
2011.75,-2.78E-04,Kansas
2011.833333,0.001700866,Kansas
2011.916667,0.001769708,Kansas
2012,0.002040362,Kansas
2012.083333,0.002538712,Kansas
2012.166667,0.003342085,Kansas
2012.25,0.003247085,Kansas
2012.333333,0.003307952,Kansas
2012.416667,0.003101798,Kansas
2012.5,0.002298143,Kansas
2012.583333,0.001871865,Kansas
2012.666667,0.001728347,Kansas
2012.75,0.002063874,Kansas
2012.833333,0.002187357,Kansas
2012.916667,0.001900522,Kansas
2013,0.002271793,Kansas
2013.083333,0.002484056,Kansas
2013.166667,0.002879225,Kansas
2013.25,0.002952361,Kansas
2013.333333,0.002732528,Kansas
2013.416667,0.002660957,Kansas
2013.5,0.001731298,Kansas
2013.583333,0.002016405,Kansas
2013.666667,0.001909281,Kansas
2013.75,0.00176425,Kansas
2013.833333,0.001342347,Kansas
2013.916667,0.001223977,Kansas
2014,0.00132899,Kansas
2014.083333,0.001451353,Kansas
2014.166667,0.002002965,Kansas
2014.25,0.002288949,Kansas
2014.333333,0.002080587,Kansas
2014.416667,0.001699597,Kansas
2014.5,0.001607205,Kansas
2014.583333,0.001388361,Kansas
2014.666667,0.0012705,Kansas
2014.75,9.45E-04,Kansas
2014.833333,0.001309596,Kansas
2014.916667,0.001192368,Kansas
2015,0.001403841,Kansas
2015.083333,0.001066269,Kansas
2015.166667,0.001636014,Kansas
2015.25,0.001880538,Kansas
2015.333333,0.001401693,Kansas
2015.416667,0.00114293,Kansas
2015.5,6.63E-04,Kansas
2015.583333,5.67E-04,Kansas
2015.666667,6.18E-04,Kansas
2015.75,6.30E-04,Kansas
2015.833333,0.002897277,Kansas
2015.916667,0.002783789,Kansas
2016,0.003153741,Kansas
2016.083333,0.002937197,Kansas
2016.166667,0.003482528,Kansas
2016.25,0.00423472,Kansas
2016.333333,0.003428592,Kansas
2016.416667,0.003246405,Kansas
2016.5,0.002491713,Kansas
2016.583333,0.002606801,Kansas
2016.666667,0.002547828,Kansas
2016.75,0.002408567,Kansas
2016.833333,0.003295978,Kansas
2016.916667,0.003063913,Kansas
2017,0.003195093,Kansas
2017.083333,0.002557078,Kansas
2017.166667,0.003347774,Kansas
2017.25,0.003475388,Kansas
2017.333333,0.003398147,Kansas
2017.416667,0.003046171,Kansas
2017.5,0.002338651,Kansas
2017.583333,0.002114286,Kansas
2017.666667,0.001906349,Kansas
2017.75,0.002046574,Kansas
2017.833333,0.002816166,Kansas
2017.916667,0.002714918,Kansas
2018,0.002979422,Kansas
2018.083333,0.002678055,Kansas
2018.166667,0.002366462,Kansas
2018.25,0.0026464,Kansas
2018.333333,0.002739873,Kansas
2018.416667,0.002392862,Kansas
2018.5,0.001817281,Kansas
2018.583333,0.001737752,Kansas
2018.666667,0.001611862,Kansas
2018.75,0.001734128,Kansas
2018.833333,0.002383717,Kansas
2018.916667,0.002348459,Kansas
2019,0.002540334,Kansas
2019.083333,0.001953652,Kansas
2019.166667,0.002731215,Kansas
2019.25,0.003257925,Kansas
2019.333333,0.003511238,Kansas
2019.416667,0.003723822,Kansas
2019.5,0.00325842,Kansas
2019.583333,0.00259308,Kansas
2019.666667,0.002521188,Kansas
2019.75,0.001965051,Kansas
2019.833333,0.003497125,Kansas
2019.916667,0.003365782,Kansas
2020,0.003445183,Kansas
2020.083333,-4.59E-05,Kansas
2020.166667,0.002139375,Kansas
2020.25,0.003260833,Kansas
2020.333333,0.003190154,Kansas
2020.416667,0.002800585,Kansas
2020.5,0.002769735,Kansas
2020.583333,0.002405599,Kansas
2020.666667,0.001856578,Kansas
2020.75,0.001744162,Kansas
2020.833333,0.001580519,Kansas
2020.916667,0.001791623,Kansas
2021,0.001594672,Kansas
2021.083333,0.001167324,Kansas
2021.166667,0.001179908,Kansas
2021.25,0.002220439,Kansas
2021.333333,0.00191881,Kansas
2021.416667,0.001576925,Kansas
2021.5,8.55E-04,Kansas
2021.583333,-1.63E-04,Kansas
2021.666667,-5.23E-05,Kansas
2021.75,5.72E-04,Kansas
2021.833333,8.76E-04,Kansas
2021.916667,0.001005576,Kansas
2022,0.001004232,Kansas
2022.083333,6.53E-04,Kansas
2022.166667,9.37E-04,Kansas
2022.25,0.001850743,Kansas
2022.333333,0.001203837,Kansas
2022.416667,8.28E-04,Kansas
2022.5,5.46E-04,Kansas
2022.583333,-8.10E-05,Kansas
2022.666667,7.20E-05,Kansas
2022.75,4.08E-04,Kansas
2022.833333,0.001393236,Kansas
2022.916667,0.001370888,Kansas
2023,0.00184405,Kansas
2011,0,Kansas
2011.083333,0.001521274,Kansas
2011.166667,0.001909897,Kansas
2011.25,0.002504947,Kansas
2011.333333,0.001706437,Kansas
2011.416667,0.001767458,Kansas
2011.5,-3.95E-05,Kansas
2011.583333,-0.001253339,Kansas
2011.666667,-0.002412651,Kansas
2011.75,-0.003560856,Kansas
2011.833333,-0.003256104,Kansas
2011.916667,-0.003443137,Kansas
2012,-0.00371398,Kansas
2012.083333,-0.004222137,Kansas
2012.166667,-0.003850986,Kansas
2012.25,-0.004907224,Kansas
2012.333333,-0.003009996,Kansas
2012.416667,-0.001976768,Kansas
2012.5,-0.00261724,Kansas
2012.583333,-0.001485101,Kansas
2012.666667,-0.003774238,Kansas
2012.75,-0.003409277,Kansas
2012.833333,3.05E-04,Kansas
2012.916667,2.98E-04,Kansas
2013,0.001579623,Kansas
2013.083333,5.80E-04,Kansas
2013.166667,2.29E-04,Kansas
2013.25,0.001743968,Kansas
2013.333333,0.007164029,Kansas
2013.416667,0.007738959,Kansas
2013.5,0.00620104,Kansas
2013.583333,0.005373393,Kansas
2013.666667,0.003229108,Kansas
2013.75,0.002464983,Kansas
2013.833333,0.004214742,Kansas
2013.916667,0.003209525,Kansas
2014,0.003999857,Kansas
2014.083333,0.004186785,Kansas
2014.166667,0.003777268,Kansas
2014.25,0.002911334,Kansas
2014.333333,0.004860346,Kansas
2014.416667,0.006900238,Kansas
2014.5,0.005514581,Kansas
2014.583333,0.007081653,Kansas
2014.666667,0.012133368,Kansas
2014.75,0.009737799,Kansas
2014.833333,0.010342921,Kansas
2014.916667,0.010215701,Kansas
2015,0.009601532,Kansas
2015.083333,0.010124908,Kansas
2015.166667,0.012291515,Kansas
2015.25,0.009441326,Kansas
2015.333333,0.008735906,Kansas
2015.416667,0.009611714,Kansas
2015.5,0.007175512,Kansas
2015.583333,0.00679356,Kansas
2015.666667,0.006166395,Kansas
2015.75,0.006382732,Kansas
2015.833333,0.007543974,Kansas
2015.916667,0.008160107,Kansas
2016,0.008095256,Kansas
2016.083333,0.007955355,Kansas
2016.166667,0.011052064,Kansas
2016.25,0.01012239,Kansas
2016.333333,0.01037519,Kansas
2016.416667,0.010711722,Kansas
2016.5,0.00947313,Kansas
2016.583333,0.00824033,Kansas
2016.666667,0.007182591,Kansas
2016.75,0.008727833,Kansas
2016.833333,0.00929689,Kansas
2016.916667,0.007245482,Kansas
2017,0.008119194,Kansas
2017.083333,0.00786086,Kansas
2017.166667,0.008635563,Kansas
2017.25,0.008438994,Kansas
2017.333333,0.010078901,Kansas
2017.416667,0.01127823,Kansas
2017.5,0.010100295,Kansas
2017.583333,0.011304134,Kansas
2017.666667,0.012213812,Kansas
2017.75,0.010182692,Kansas
2017.833333,0.011817968,Kansas
2017.916667,0.011482427,Kansas
2018,0.013238603,Kansas
2018.083333,0.012097209,Kansas
2018.166667,0.013700429,Kansas
2018.25,0.014263627,Kansas
2018.333333,0.012972441,Kansas
2018.416667,0.013229939,Kansas
2018.5,0.013553017,Kansas
2018.583333,0.009815325,Kansas
2018.666667,0.011372569,Kansas
2018.75,0.012146084,Kansas
2018.833333,0.010215383,Kansas
2018.916667,0.010197955,Kansas
2019,0.010138324,Kansas
2019.083333,0.007436143,Kansas
2019.166667,0.008294939,Kansas
2019.25,0.011179088,Kansas
2019.333333,0.012633804,Kansas
2019.416667,0.013014251,Kansas
2019.5,0.013289736,Kansas
2019.583333,0.011066938,Kansas
2019.666667,0.010852711,Kansas
2019.75,0.010729505,Kansas
2019.833333,0.013050955,Kansas
2019.916667,0.013629809,Kansas
2020,0.01395384,Kansas
2020.083333,0.01137782,Kansas
2020.166667,0.013196551,Kansas
2020.25,0.01413915,Kansas
2020.333333,0.013846419,Kansas
2020.416667,0.013002693,Kansas
2020.5,0.014192923,Kansas
2020.583333,0.012946025,Kansas
2020.666667,0.012244937,Kansas
2020.75,0.01505117,Kansas
2020.833333,0.014892249,Kansas
2020.916667,0.014603807,Kansas
2021,0.015133192,Kansas
2021.083333,0.012855881,Kansas
2021.166667,0.015725231,Kansas
2021.25,0.013717113,Kansas
2021.333333,0.017280855,Kansas
2021.416667,0.006930181,Kansas
2021.5,0.007511667,Kansas
2021.583333,0.005061051,Kansas
2021.666667,0.005389466,Kansas
2021.75,0.004852704,Kansas
2021.833333,0.007163843,Kansas
2021.916667,0.008968601,Kansas
2022,0.009637592,Kansas
2022.083333,0.008862064,Kansas
2022.166667,0.008855274,Kansas
2022.25,0.009863267,Kansas
2022.333333,0.008651779,Kansas
2022.416667,0.009916824,Kansas
2022.5,0.006249987,Kansas
2022.583333,0.005082005,Kansas
2022.666667,0.004848026,Kansas
2022.75,0.004163941,Kansas
2022.833333,0.009706816,Kansas
2022.916667,0.008965647,Kansas
2023,0.011214128,Kansas
2011,0,Missouri
2011.083333,0.002738067,Missouri
2011.166667,0.004759051,Missouri
2011.25,0.006488266,Missouri
2011.333333,0.004517689,Missouri
2011.416667,0.005681151,Missouri
2011.5,0.005180415,Missouri
2011.583333,5.50E-04,Missouri
2011.666667,4.70E-04,Missouri
2011.75,-1.50E-04,Missouri
2011.833333,-0.005677255,Missouri
2011.916667,-0.005650033,Missouri
2012,-0.004227069,Missouri
2012.083333,-0.001350242,Missouri
2012.166667,7.01E-04,Missouri
2012.25,-7.08E-05,Missouri
2012.333333,-0.003106449,Missouri
2012.416667,-0.004365973,Missouri
2012.5,-0.003046953,Missouri
2012.583333,-0.004060237,Missouri
2012.666667,-0.004091872,Missouri
2012.75,-0.004329291,Missouri
2012.833333,0.0047512,Missouri
2012.916667,0.004206586,Missouri
2013,0.005066011,Missouri
2013.083333,0.007743088,Missouri
2013.166667,0.009419188,Missouri
2013.25,0.008207385,Missouri
2013.333333,0.005751647,Missouri
2013.416667,0.00580768,Missouri
2013.5,0.008106172,Missouri
2013.583333,0.006379311,Missouri
2013.666667,0.010054364,Missouri
2013.75,0.010935874,Missouri
2013.833333,0.010512047,Missouri
2013.916667,0.008344456,Missouri
2014,0.010549593,Missouri
2014.083333,0.011257877,Missouri
2014.166667,0.012095711,Missouri
2014.25,0.010683035,Missouri
2014.333333,0.009273994,Missouri
2014.416667,0.010652221,Missouri
2014.5,0.011114873,Missouri
2014.583333,0.009859163,Missouri
2014.666667,0.008719758,Missouri
2014.75,0.008012703,Missouri
2014.833333,0.012097346,Missouri
2014.916667,0.013545505,Missouri
2015,0.013606824,Missouri
2015.083333,0.019357299,Missouri
2015.166667,0.018489094,Missouri
2015.25,0.018202562,Missouri
2015.333333,0.015981965,Missouri
2015.416667,0.017504714,Missouri
2015.5,0.015929474,Missouri
2015.583333,0.015865446,Missouri
2015.666667,0.01503415,Missouri
2015.75,0.015305237,Missouri
2015.833333,0.014224644,Missouri
2015.916667,0.01473077,Missouri
2016,0.017632503,Missouri
2016.083333,0.018609737,Missouri
2016.166667,0.020912431,Missouri
2016.25,0.022700059,Missouri
2016.333333,0.021879293,Missouri
2016.416667,0.019742438,Missouri
2016.5,0.019761677,Missouri
2016.583333,0.016604089,Missouri
2016.666667,0.016522892,Missouri
2016.75,0.017087311,Missouri
2016.833333,0.016818795,Missouri
2016.916667,0.017546588,Missouri
2017,0.018200815,Missouri
2017.083333,0.016063698,Missouri
2017.166667,0.015216548,Missouri
2017.25,0.01591627,Missouri
2017.333333,0.014040719,Missouri
2017.416667,0.014505912,Missouri
2017.5,0.018166188,Missouri
2017.583333,0.017854354,Missouri
2017.666667,0.016368723,Missouri
2017.75,0.015653637,Missouri
2017.833333,0.002146522,Missouri
2017.916667,0.001881332,Missouri
2018,0.003393081,Missouri
2018.083333,0.003432526,Missouri
2018.166667,0.003787495,Missouri
2018.25,0.003574224,Missouri
2018.333333,0.004044288,Missouri
2018.416667,0.003722438,Missouri
2018.5,0.003167962,Missouri
2018.583333,0.002486026,Missouri
2018.666667,0.002676269,Missouri
2018.75,0.002133504,Missouri
2018.833333,0.005638159,Missouri
2018.916667,0.004897639,Missouri
2019,0.006119637,Missouri
2019.083333,0.005542175,Missouri
2019.166667,0.005952208,Missouri
2019.25,0.006436788,Missouri
2019.333333,0.00639652,Missouri
2019.416667,0.006562551,Missouri
2019.5,0.006668141,Missouri
2019.583333,0.006352113,Missouri
2019.666667,0.006024686,Missouri
2019.75,0.005908231,Missouri
2019.833333,0.006244071,Missouri
2019.916667,0.00639322,Missouri
2020,0.006587339,Missouri
2020.083333,0.00427848,Missouri
2020.166667,0.005455574,Missouri
2020.25,0.004997566,Missouri
2020.333333,0.005469265,Missouri
2020.416667,0.003824658,Missouri
2020.5,0.003832631,Missouri
2020.583333,0.003913784,Missouri
2020.666667,0.003781082,Missouri
2020.75,0.003149418,Missouri
2020.833333,0.002428264,Missouri
2020.916667,0.002098836,Missouri
2021,0.002277659,Missouri
2021.083333,0.002484305,Missouri
2021.166667,0.002814749,Missouri
2021.25,0.003060019,Missouri
2021.333333,0.003222961,Missouri
2021.416667,0.003412146,Missouri
2021.5,0.003732902,Missouri
2021.583333,0.003620447,Missouri
2021.666667,0.003555133,Missouri
2021.75,0.003834283,Missouri
2021.833333,0.002824223,Missouri
2021.916667,0.003461025,Missouri
2022,0.003291494,Missouri
2022.083333,0.003709894,Missouri
2022.166667,0.004251935,Missouri
2022.25,0.004706972,Missouri
2022.333333,0.005026086,Missouri
2022.416667,0.00555826,Missouri
2022.5,0.007016132,Missouri
2022.583333,0.003801982,Missouri
2022.666667,0.003793294,Missouri
2022.75,0.003462732,Missouri
2022.833333,0.009763369,Missouri
2022.916667,0.008570254,Missouri
2023,0.009106351,Missouri
2011,0,Missouri
2011.083333,0.00441791,Missouri
2011.166667,0.00456976,Missouri
2011.25,0.00346397,Missouri
2011.333333,0.002942704,Missouri
2011.416667,0.002681914,Missouri
2011.5,0.00203727,Missouri
2011.583333,0.003173798,Missouri
2011.666667,0.003502311,Missouri
2011.75,0.003716795,Missouri
2011.833333,0.004447932,Missouri
2011.916667,0.004710788,Missouri
2012,0.004290048,Missouri
2012.083333,0.005315321,Missouri
2012.166667,0.006003905,Missouri
2012.25,0.005236909,Missouri
2012.333333,0.005299512,Missouri
2012.416667,0.005587399,Missouri
2012.5,0.005156486,Missouri
2012.583333,0.006051815,Missouri
2012.666667,0.006942419,Missouri
2012.75,0.006978787,Missouri
2012.833333,0.003669974,Missouri
2012.916667,0.003610548,Missouri
2013,0.003256069,Missouri
2013.083333,0.003299784,Missouri
2013.166667,0.003591187,Missouri
2013.25,0.004571374,Missouri
2013.333333,0.004882459,Missouri
2013.416667,0.00548317,Missouri
2013.5,0.004701821,Missouri
2013.583333,0.004053957,Missouri
2013.666667,0.004597014,Missouri
2013.75,0.004244179,Missouri
2013.833333,0.004482087,Missouri
2013.916667,0.003402962,Missouri
2014,0.004728237,Missouri
2014.083333,0.006062206,Missouri
2014.166667,0.006432699,Missouri
2014.25,0.006358618,Missouri
2014.333333,0.005110622,Missouri
2014.416667,0.005410056,Missouri
2014.5,0.004668679,Missouri
2014.583333,0.003173277,Missouri
2014.666667,0.003124003,Missouri
2014.75,0.004811281,Missouri
2014.833333,0.005766383,Missouri
2014.916667,0.00550238,Missouri
2015,0.006799116,Missouri
2015.083333,0.007512002,Missouri
2015.166667,0.007015177,Missouri
2015.25,0.007784649,Missouri
2015.333333,0.008178911,Missouri
2015.416667,0.006580278,Missouri
2015.5,0.006143309,Missouri
2015.583333,0.005846428,Missouri
2015.666667,0.007180447,Missouri
2015.75,0.0073248,Missouri
2015.833333,0.005544902,Missouri
2015.916667,0.005961978,Missouri
2016,0.005423779,Missouri
2016.083333,0.005958156,Missouri
2016.166667,0.006535702,Missouri
2016.25,0.006899686,Missouri
2016.333333,0.005689069,Missouri
2016.416667,0.006382529,Missouri
2016.5,0.005032515,Missouri
2016.583333,0.0058497,Missouri
2016.666667,0.00615525,Missouri
2016.75,0.005299525,Missouri
2016.833333,0.006189696,Missouri
2016.916667,0.006137625,Missouri
2017,0.008719311,Missouri
2017.083333,0.008597852,Missouri
2017.166667,0.009346927,Missouri
2017.25,0.009515555,Missouri
2017.333333,0.009080532,Missouri
2017.416667,0.008289337,Missouri
2017.5,0.008659759,Missouri
2017.583333,0.008090078,Missouri
2017.666667,0.006879904,Missouri
2017.75,0.007598918,Missouri
2017.833333,0.005199819,Missouri
2017.916667,0.005253804,Missouri
2018,0.005840245,Missouri
2018.083333,0.004519043,Missouri
2018.166667,0.004071062,Missouri
2018.25,0.004006775,Missouri
2018.333333,0.003309924,Missouri
2018.416667,0.003766227,Missouri
2018.5,0.00290871,Missouri
2018.583333,0.002742227,Missouri
2018.666667,0.002785102,Missouri
2018.75,0.002814707,Missouri
2018.833333,0.002044783,Missouri
2018.916667,0.001932655,Missouri
2019,0.002239763,Missouri
2019.083333,0.001653063,Missouri
2019.166667,0.002464474,Missouri
2019.25,0.003027129,Missouri
2019.333333,0.003544277,Missouri
2019.416667,0.003077211,Missouri
2019.5,0.002173476,Missouri
2019.583333,0.003374715,Missouri
2019.666667,0.003722475,Missouri
2019.75,0.003867288,Missouri
2019.833333,0.004722165,Missouri
2019.916667,0.004052703,Missouri
2020,0.004368843,Missouri
2020.083333,0.003900555,Missouri
2020.166667,0.006913917,Missouri
2020.25,0.00659823,Missouri
2020.333333,0.007251124,Missouri
2020.416667,0.006862247,Missouri
2020.5,0.006826981,Missouri
2020.583333,0.008160668,Missouri
2020.666667,0.007768544,Missouri
2020.75,0.007100364,Missouri
2020.833333,0.00562137,Missouri
2020.916667,0.006038209,Missouri
2021,0.006448735,Missouri
2021.083333,0.006327031,Missouri
2021.166667,0.005865388,Missouri
2021.25,0.006657186,Missouri
2021.333333,0.007368194,Missouri
2021.416667,0.006579858,Missouri
2021.5,0.005658682,Missouri
2021.583333,0.003900046,Missouri
2021.666667,0.003514963,Missouri
2021.75,0.003552523,Missouri
2021.833333,0.005454258,Missouri
2021.916667,0.006635675,Missouri
2022,0.006201565,Missouri
2022.083333,0.005310969,Missouri
2022.166667,0.006287728,Missouri
2022.25,0.006390547,Missouri
2022.333333,0.007091067,Missouri
2022.416667,0.007185253,Missouri
2022.5,0.006879458,Missouri
2022.583333,0.006193579,Missouri
2022.666667,0.005463688,Missouri
2022.75,0.005441833,Missouri
2022.833333,0.006696909,Missouri
2022.916667,0.00706437,Missouri
2023,0.00650007,Missouri
2011,0,Missouri
2011.083333,0.00342634,Missouri
2011.166667,0.004457607,Missouri
2011.25,0.004769219,Missouri
2011.333333,0.004832563,Missouri
2011.416667,0.004269922,Missouri
2011.5,0.004922136,Missouri
2011.583333,0.001720578,Missouri
2011.666667,0.001590088,Missouri
2011.75,0.001337792,Missouri
2011.833333,-3.93E-05,Missouri
2011.916667,-0.001455062,Missouri
2012,0.001265986,Missouri
2012.083333,-0.001427268,Missouri
2012.166667,-0.002147693,Missouri
2012.25,-0.001881111,Missouri
2012.333333,-0.001850264,Missouri
2012.416667,-0.003495691,Missouri
2012.5,-0.006613914,Missouri
2012.583333,-0.003713834,Missouri
2012.666667,-0.002886364,Missouri
2012.75,-0.004638025,Missouri
2012.833333,-0.007056969,Missouri
2012.916667,-0.006194061,Missouri
2013,-0.00568636,Missouri
2013.083333,-0.002593325,Missouri
2013.166667,2.07E-04,Missouri
2013.25,-3.41E-04,Missouri
2013.333333,0.0013786,Missouri
2013.416667,4.43E-04,Missouri
2013.5,-0.003700769,Missouri
2013.583333,-1.70E-04,Missouri
2013.666667,-0.00171387,Missouri
2013.75,-0.001391635,Missouri
2013.833333,-0.002834354,Missouri
2013.916667,-0.002898568,Missouri
2014,-0.002229369,Missouri
2014.083333,2.44E-04,Missouri
2014.166667,0.001489009,Missouri
2014.25,0.001423152,Missouri
2014.333333,-0.002735675,Missouri
2014.416667,-0.001607358,Missouri
2014.5,-0.001183564,Missouri
2014.583333,-8.79E-04,Missouri
2014.666667,3.37E-04,Missouri
2014.75,0.002680407,Missouri
2014.833333,-0.001615504,Missouri
2014.916667,-0.002360392,Missouri
2015,-0.001108969,Missouri
2015.083333,-9.93E-04,Missouri
2015.166667,0.001526833,Missouri
2015.25,0.002273544,Missouri
2015.333333,7.02E-04,Missouri
2015.416667,9.34E-04,Missouri
2015.5,8.45E-05,Missouri
2015.583333,-0.001781893,Missouri
2015.666667,-9.34E-04,Missouri
2015.75,-9.17E-04,Missouri
2015.833333,-7.42E-04,Missouri
2015.916667,-0.002319108,Missouri
2016,-3.50E-05,Missouri
2016.083333,0.001432903,Missouri
2016.166667,0.001668533,Missouri
2016.25,0.001704064,Missouri
2016.333333,0.00328545,Missouri
2016.416667,0.003416953,Missouri
2016.5,0.002536972,Missouri
2016.583333,0.003426135,Missouri
2016.666667,0.002646349,Missouri
2016.75,0.002960725,Missouri
2016.833333,0.001759322,Missouri
2016.916667,0.002220645,Missouri
2017,0.007099604,Missouri
2017.083333,0.004420056,Missouri
2017.166667,0.00413764,Missouri
2017.25,0.004581079,Missouri
2017.333333,0.005284181,Missouri
2017.416667,0.004588476,Missouri
2017.5,0.003314942,Missouri
2017.583333,0.004087054,Missouri
2017.666667,0.003742778,Missouri
2017.75,0.00203522,Missouri
2017.833333,NA,Missouri
2017.916667,NA,Missouri
2018,NA,Missouri
2018.083333,0.008322764,Missouri
2018.166667,0.009213595,Missouri
2018.25,0.009328153,Missouri
2018.333333,0.008720159,Missouri
2018.416667,0.006524057,Missouri
2018.5,0.00616485,Missouri
2018.583333,NA,Missouri
2018.666667,NA,Missouri
2018.75,NA,Missouri
2018.833333,-6.39E-04,Missouri
2018.916667,-7.43E-05,Missouri
2019,4.40E-04,Missouri
2019.083333,0.002252465,Missouri
2019.166667,-7.38E-04,Missouri
2019.25,-4.27E-04,Missouri
2019.333333,9.17E-06,Missouri
2019.416667,5.68E-04,Missouri
2019.5,-0.002597149,Missouri
2019.583333,-0.00110924,Missouri
2019.666667,-0.001203384,Missouri
2019.75,-0.001449539,Missouri
2019.833333,-0.003738919,Missouri
2019.916667,-0.003292468,Missouri
2020,-0.00295175,Missouri
2020.083333,-0.005973819,Missouri
2020.166667,-0.005847656,Missouri
2020.25,-0.001589497,Missouri
2020.333333,-0.002480848,Missouri
2020.416667,-0.003118805,Missouri
2020.5,-0.001787731,Missouri
2020.583333,-0.001910716,Missouri
2020.666667,-0.002229721,Missouri
2020.75,1.11E-04,Missouri
2020.833333,-0.002673591,Missouri
2020.916667,-8.72E-04,Missouri
2021,-7.38E-04,Missouri
2021.083333,-9.80E-04,Missouri
2021.166667,-1.89E-04,Missouri
2021.25,3.08E-04,Missouri
2021.333333,0.00112734,Missouri
2021.416667,0.001351166,Missouri
2021.5,0.017389533,Missouri
2021.583333,0.015827631,Missouri
2021.666667,0.016803494,Missouri
2021.75,0.013940202,Missouri
2021.833333,0.011174657,Missouri
2021.916667,0.009978362,Missouri
2022,0.009011218,Missouri
2022.083333,0.011144521,Missouri
2022.166667,0.011771653,Missouri
2022.25,0.010620464,Missouri
2022.333333,0.008464568,Missouri
2022.416667,0.008730483,Missouri
2022.5,0.009695884,Missouri
2022.583333,0.009000271,Missouri
2022.666667,0.010436601,Missouri
2022.75,0.010479654,Missouri
2022.833333,0.010582001,Missouri
2022.916667,0.010141673,Missouri
2023,0.010993001,Missouri
2011,0,Kansas
2011.083333,2.15E-04,Kansas
2011.166667,-1.46E-05,Kansas
2011.25,-1.22E-04,Kansas
2011.333333,5.24E-04,Kansas
2011.416667,4.76E-04,Kansas
2011.5,-1.07E-04,Kansas
2011.583333,-5.32E-04,Kansas
2011.666667,-7.67E-04,Kansas
2011.75,-5.60E-04,Kansas
2011.833333,0.00103371,Kansas
2011.916667,9.44E-04,Kansas
2012,0.001514101,Kansas
2012.083333,0.001258773,Kansas
2012.166667,0.001390988,Kansas
2012.25,9.17E-04,Kansas
2012.333333,0.001335969,Kansas
2012.416667,0.00136134,Kansas
2012.5,1.91E-04,Kansas
2012.583333,7.75E-04,Kansas
2012.666667,5.26E-04,Kansas
2012.75,7.43E-04,Kansas
2012.833333,0.001338165,Kansas
2012.916667,0.001268943,Kansas
2013,6.21E-04,Kansas
2013.083333,8.63E-04,Kansas
2013.166667,7.83E-04,Kansas
2013.25,3.86E-04,Kansas
2013.333333,0.003657757,Kansas
2013.416667,5.99E-04,Kansas
2013.5,-7.81E-04,Kansas
2013.583333,-3.01E-04,Kansas
2013.666667,-3.50E-04,Kansas
2013.75,-6.31E-04,Kansas
2013.833333,4.03E-04,Kansas
2013.916667,1.33E-04,Kansas
2014,-2.63E-04,Kansas
2014.083333,2.58E-04,Kansas
2014.166667,5.38E-04,Kansas
2014.25,5.23E-05,Kansas
2014.333333,1.27E-04,Kansas
2014.416667,-4.54E-04,Kansas
2014.5,-4.51E-04,Kansas
2014.583333,-9.60E-04,Kansas
2014.666667,-7.62E-04,Kansas
2014.75,-0.001366177,Kansas
2014.833333,3.19E-04,Kansas
2014.916667,-5.81E-04,Kansas
2015,-6.00E-04,Kansas
2015.083333,0.001082067,Kansas
2015.166667,-7.43E-05,Kansas
2015.25,3.23E-04,Kansas
2015.333333,1.98E-04,Kansas
2015.416667,2.22E-04,Kansas
2015.5,-2.99E-04,Kansas
2015.583333,4.50E-04,Kansas
2015.666667,-7.23E-05,Kansas
2015.75,-0.001186596,Kansas
2015.833333,-5.46E-04,Kansas
2015.916667,-4.29E-04,Kansas
2016,-2.81E-04,Kansas
2016.083333,8.69E-04,Kansas
2016.166667,0.001244767,Kansas
2016.25,9.69E-04,Kansas
2016.333333,4.68E-04,Kansas
2016.416667,6.42E-04,Kansas
2016.5,-7.62E-04,Kansas
2016.583333,-2.16E-05,Kansas
2016.666667,1.31E-04,Kansas
2016.75,-0.001172382,Kansas
2016.833333,0.002726823,Kansas
2016.916667,0.003095565,Kansas
2017,0.003325028,Kansas
2017.083333,0.003107585,Kansas
2017.166667,0.003401617,Kansas
2017.25,0.00322457,Kansas
2017.333333,0.002684864,Kansas
2017.416667,0.002824155,Kansas
2017.5,0.002866692,Kansas
2017.583333,0.003275015,Kansas
2017.666667,0.002482971,Kansas
2017.75,0.002068551,Kansas
2017.833333,0.00368593,Kansas
2017.916667,0.002958931,Kansas
2018,0.004385117,Kansas
2018.083333,0.003552534,Kansas
2018.166667,0.003564072,Kansas
2018.25,0.003602521,Kansas
2018.333333,0.002374959,Kansas
2018.416667,0.002927699,Kansas
2018.5,0.003228077,Kansas
2018.583333,0.002265738,Kansas
2018.666667,0.001724376,Kansas
2018.75,9.08E-04,Kansas
2018.833333,0.002776974,Kansas
2018.916667,0.002917133,Kansas
2019,0.003325188,Kansas
2019.083333,0.003283288,Kansas
2019.166667,0.003536076,Kansas
2019.25,0.004283595,Kansas
2019.333333,0.004313635,Kansas
2019.416667,0.003358709,Kansas
2019.5,0.002873021,Kansas
2019.583333,0.002812423,Kansas
2019.666667,0.001799498,Kansas
2019.75,0.001547368,Kansas
2019.833333,0.00211455,Kansas
2019.916667,0.002088103,Kansas
2020,0.001763851,Kansas
2020.083333,6.14E-04,Kansas
2020.166667,0.003466792,Kansas
2020.25,0.002431197,Kansas
2020.333333,0.003125444,Kansas
2020.416667,0.001243046,Kansas
2020.5,0.001812803,Kansas
2020.583333,0.001460848,Kansas
2020.666667,0.001256603,Kansas
2020.75,0.001404597,Kansas
2020.833333,0.002710332,Kansas
2020.916667,0.003380968,Kansas
2021,0.003702424,Kansas
2021.083333,0.002303594,Kansas
2021.166667,0.002798089,Kansas
2021.25,0.003635511,Kansas
2021.333333,0.00245119,Kansas
2021.416667,0.00293489,Kansas
2021.5,0.003965595,Kansas
2021.583333,0.003677052,Kansas
2021.666667,0.004311957,Kansas
2021.75,0.003546235,Kansas
2021.833333,0.003735281,Kansas
2021.916667,0.003711137,Kansas
2022,0.003874846,Kansas
2022.083333,0.003506513,Kansas
2022.166667,0.004936304,Kansas
2022.25,0.005076672,Kansas
2022.333333,0.004549789,Kansas
2022.416667,0.004254083,Kansas
2022.5,0.003665033,Kansas
2022.583333,0.002938715,Kansas
2022.666667,0.002729209,Kansas
2022.75,0.001908748,Kansas
2022.833333,0.001900225,Kansas
2022.916667,0.00162961,Kansas
2023,0.002278941,Kansas
