area_fips,year,qtr,area_title,ltd_total_qtrly_wages,ltd_taxable_qtrly_wages,ltd_qtrly_contributions,ltd_avg_wkly_wage,own_title,month,date,year_decimal,emplvl_limited,state,min_wage,all_total_qtrly_wages,all_taxable_qtrly_wages,all_qtrly_contributions,all_avg_wkly_wage,emplvl_all,proportion_limited,post,treat
20005,2012,1,"Atchison County, Kansas",561727,521144,12599,209,Private,1,2012-01-01,2012,200,KS,7.25,42483918,24309463,1282469,659,4925,0.04060913705583756,0,0
20005,2012,1,"Atchison County, Kansas",561727,521144,12599,209,Private,2,2012-02-01,2012.0833333333333,210,KS,7.25,42483918,24309463,1282469,659,4947,0.04244996967859309,0,0
20005,2012,1,"Atchison County, Kansas",561727,521144,12599,209,Private,3,2012-03-01,2012.1666666666667,210,KS,7.25,42483918,24309463,1282469,659,5009,0.04192453583549611,0,0
20005,2012,2,"Atchison County, Kansas",677414,474118,11941,222,Private,1,2012-04-01,2012.25,229,KS,7.25,42183370,7312185,286087,635,5136,0.044587227414330216,0,0
20005,2012,2,"Atchison County, Kansas",677414,474118,11941,222,Private,2,2012-05-01,2012.3333333333333,241,KS,7.25,42183370,7312185,286087,635,5067,0.047562660351292675,0,0
20005,2012,2,"Atchison County, Kansas",677414,474118,11941,222,Private,3,2012-06-01,2012.4166666666667,233,KS,7.25,42183370,7312185,286087,635,5135,0.04537487828627069,0,0
20005,2012,3,"Atchison County, Kansas",636370,300534,7779,219,Private,1,2012-07-01,2012.5,220,KS,7.25,44095498,4433738,177183,674,5057,0.04350405378683014,0,0
20005,2012,3,"Atchison County, Kansas",636370,300534,7779,219,Private,2,2012-08-01,2012.5833333333333,226,KS,7.25,44095498,4433738,177183,674,5010,0.045109780439121755,0,0
20005,2012,3,"Atchison County, Kansas",636370,300534,7779,219,Private,3,2012-09-01,2012.6666666666667,226,KS,7.25,44095498,4433738,177183,674,5040,0.04484126984126984,0,0
20005,2012,4,"Atchison County, Kansas",638520,231997,6339,219,Private,1,2012-10-01,2012.75,227,KS,7.25,45375523,3480216,135131,689,5092,0.04457973291437549,0,0
20005,2012,4,"Atchison County, Kansas",638520,231997,6339,219,Private,2,2012-11-01,2012.8333333333333,222,KS,7.25,45375523,3480216,135131,689,5060,0.04387351778656127,0,0
20005,2012,4,"Atchison County, Kansas",638520,231997,6339,219,Private,3,2012-12-01,2012.9166666666667,223,KS,7.25,45375523,3480216,135131,689,5056,0.04410601265822785,0,0
20011,2012,1,"Bourbon County, Kansas",528062,447797,14584,185,Private,1,2012-01-01,2012,215,KS,7.25,34043026,21130622,905576,585,4462,0.04818467055132228,0,0
20011,2012,1,"Bourbon County, Kansas",528062,447797,14584,185,Private,2,2012-02-01,2012.0833333333333,217,KS,7.25,34043026,21130622,905576,585,4416,0.04913949275362319,0,0
20011,2012,1,"Bourbon County, Kansas",528062,447797,14584,185,Private,3,2012-03-01,2012.1666666666667,227,KS,7.25,34043026,21130622,905576,585,4546,0.049934007919049714,0,0
20011,2012,2,"Bourbon County, Kansas",601509,457740,15415,187,Private,1,2012-04-01,2012.25,238,KS,7.25,35268633,7099386,309156,595,4511,0.0527599201950787,0,0
20011,2012,2,"Bourbon County, Kansas",601509,457740,15415,187,Private,2,2012-05-01,2012.3333333333333,249,KS,7.25,35268633,7099386,309156,595,4546,0.05477342718873735,0,0
20011,2012,2,"Bourbon County, Kansas",601509,457740,15415,187,Private,3,2012-06-01,2012.4166666666667,254,KS,7.25,35268633,7099386,309156,595,4611,0.0550856647148124,0,0
20011,2012,3,"Bourbon County, Kansas",510751,304164,10841,159,Private,1,2012-07-01,2012.5,239,KS,7.25,34072201,4362998,187799,577,4485,0.053288740245261985,0,0
20011,2012,3,"Bourbon County, Kansas",510751,304164,10841,159,Private,2,2012-08-01,2012.5833333333333,235,KS,7.25,34072201,4362998,187799,577,4502,0.052199022656597066,0,0
20011,2012,3,"Bourbon County, Kansas",510751,304164,10841,159,Private,3,2012-09-01,2012.6666666666667,268,KS,7.25,34072201,4362998,187799,577,4645,0.05769644779332616,0,0
20011,2012,4,"Bourbon County, Kansas",624358,332289,11130,197,Private,1,2012-10-01,2012.75,252,KS,7.25,37433277,3889439,176054,625,4600,0.05478260869565217,0,0
20011,2012,4,"Bourbon County, Kansas",624358,332289,11130,197,Private,2,2012-11-01,2012.8333333333333,240,KS,7.25,37433277,3889439,176054,625,4617,0.05198180636777128,0,0
20011,2012,4,"Bourbon County, Kansas",624358,332289,11130,197,Private,3,2012-12-01,2012.9166666666667,239,KS,7.25,37433277,3889439,176054,625,4610,0.05184381778741866,0,0
20013,2012,1,"Brown County, Kansas",342343,321402,8339,241,Private,1,2012-01-01,2012,109,KS,7.25,23913993,14996699,533868,626,2931,0.037188672807915386,0,0
20013,2012,1,"Brown County, Kansas",342343,321402,8339,241,Private,2,2012-02-01,2012.0833333333333,107,KS,7.25,23913993,14996699,533868,626,2919,0.03665638917437478,0,0
20013,2012,1,"Brown County, Kansas",342343,321402,8339,241,Private,3,2012-03-01,2012.1666666666667,112,KS,7.25,23913993,14996699,533868,626,2964,0.037786774628879895,0,0
20013,2012,2,"Brown County, Kansas",341869,252370,6784,238,Private,1,2012-04-01,2012.25,113,KS,7.25,23214511,4084113,146184,600,2944,0.03838315217391304,0,0
20013,2012,2,"Brown County, Kansas",341869,252370,6784,238,Private,2,2012-05-01,2012.3333333333333,110,KS,7.25,23214511,4084113,146184,600,2963,0.03712453594330071,0,0
20013,2012,2,"Brown County, Kansas",341869,252370,6784,238,Private,3,2012-06-01,2012.4166666666667,108,KS,7.25,23214511,4084113,146184,600,3020,0.03576158940397351,0,0
20013,2012,3,"Brown County, Kansas",357719,211888,5617,225,Private,1,2012-07-01,2012.5,117,KS,7.25,24783925,2611793,92165,632,3023,0.0387032748924909,0,0
20013,2012,3,"Brown County, Kansas",357719,211888,5617,225,Private,2,2012-08-01,2012.5833333333333,122,KS,7.25,24783925,2611793,92165,632,3015,0.04046434494195688,0,0
20013,2012,3,"Brown County, Kansas",357719,211888,5617,225,Private,3,2012-09-01,2012.6666666666667,128,KS,7.25,24783925,2611793,92165,632,3005,0.04259567387687188,0,0
20013,2012,4,"Brown County, Kansas",363841,181058,5359,238,Private,1,2012-10-01,2012.75,112,KS,7.25,27922149,2257162,77858,717,2987,0.037495815199196515,0,0
20013,2012,4,"Brown County, Kansas",363841,181058,5359,238,Private,2,2012-11-01,2012.8333333333333,120,KS,7.25,27922149,2257162,77858,717,2981,0.040254948004025494,0,0
20013,2012,4,"Brown County, Kansas",363841,181058,5359,238,Private,3,2012-12-01,2012.9166666666667,121,KS,7.25,27922149,2257162,77858,717,3013,0.040159309658148026,0,0
20021,2012,1,"Cherokee County, Kansas",500080,485549,19326,206,Private,1,2012-01-01,2012,192,KS,7.25,37498206,25089670,1112652,658,4403,0.04360663184192596,0,0
20021,2012,1,"Cherokee County, Kansas",500080,485549,19326,206,Private,2,2012-02-01,2012.0833333333333,180,KS,7.25,37498206,25089670,1112652,658,4384,0.04105839416058394,0,0
20021,2012,1,"Cherokee County, Kansas",500080,485549,19326,206,Private,3,2012-03-01,2012.1666666666667,188,KS,7.25,37498206,25089670,1112652,658,4363,0.043089617235846894,0,0
20021,2012,2,"Cherokee County, Kansas",536847,434936,17331,211,Private,1,2012-04-01,2012.25,192,KS,7.25,36570994,7276435,309493,647,4369,0.0439459830624857,0,0
20021,2012,2,"Cherokee County, Kansas",536847,434936,17331,211,Private,2,2012-05-01,2012.3333333333333,199,KS,7.25,36570994,7276435,309493,647,4299,0.04628983484531286,0,0
20021,2012,2,"Cherokee County, Kansas",536847,434936,17331,211,Private,3,2012-06-01,2012.4166666666667,197,KS,7.25,36570994,7276435,309493,647,4383,0.044946383755418665,0,0
20021,2012,3,"Cherokee County, Kansas",565333,346750,13776,210,Private,1,2012-07-01,2012.5,196,KS,7.25,36965780,3977572,172958,644,4428,0.044263775971093045,0,0
20021,2012,3,"Cherokee County, Kansas",565333,346750,13776,210,Private,2,2012-08-01,2012.5833333333333,213,KS,7.25,36965780,3977572,172958,644,4439,0.047983780130660056,0,0
20021,2012,3,"Cherokee County, Kansas",565333,346750,13776,210,Private,3,2012-09-01,2012.6666666666667,212,KS,7.25,36965780,3977572,172958,644,4369,0.04852368963149462,0,0
20021,2012,4,"Cherokee County, Kansas",507738,228279,8018,184,Private,1,2012-10-01,2012.75,215,KS,7.25,39976762,3344239,139264,700,4380,0.04908675799086758,0,0
20021,2012,4,"Cherokee County, Kansas",507738,228279,8018,184,Private,2,2012-11-01,2012.8333333333333,208,KS,7.25,39976762,3344239,139264,700,4382,0.04746691008671839,0,0
20021,2012,4,"Cherokee County, Kansas",507738,228279,8018,184,Private,3,2012-12-01,2012.9166666666667,215,KS,7.25,39976762,3344239,139264,700,4409,0.04876389203901112,0,0
20091,2012,1,"Johnson County, Kansas",25520344,22791225,573959,265,Private,1,2012-01-01,2012,7371,KS,7.25,3740104317,1664776024,74838255,1048,274080,0.026893607705779334,0,0
20091,2012,1,"Johnson County, Kansas",25520344,22791225,573959,265,Private,2,2012-02-01,2012.0833333333333,7380,KS,7.25,3740104317,1664776024,74838255,1048,273714,0.026962449856419473,0,0
20091,2012,1,"Johnson County, Kansas",25520344,22791225,573959,265,Private,3,2012-03-01,2012.1666666666667,7504,KS,7.25,3740104317,1664776024,74838255,1048,275547,0.027233103608458813,0,0
20091,2012,2,"Johnson County, Kansas",26396739,17448100,469015,255,Private,1,2012-04-01,2012.25,7749,KS,7.25,3433947699,447858882,18381074,936,279430,0.027731453315678344,0,0
20091,2012,2,"Johnson County, Kansas",26396739,17448100,469015,255,Private,2,2012-05-01,2012.3333333333333,8041,KS,7.25,3433947699,447858882,18381074,936,281796,0.02853482661215915,0,0
20091,2012,2,"Johnson County, Kansas",26396739,17448100,469015,255,Private,3,2012-06-01,2012.4166666666667,8107,KS,7.25,3433947699,447858882,18381074,936,285058,0.028439826280967383,0,0
20091,2012,3,"Johnson County, Kansas",27671429,12344153,349358,268,Private,1,2012-07-01,2012.5,8070,KS,7.25,3443431227,307437314,12736258,936,283151,0.028500693976005735,0,0
20091,2012,3,"Johnson County, Kansas",27671429,12344153,349358,268,Private,2,2012-08-01,2012.5833333333333,8029,KS,7.25,3443431227,307437314,12736258,936,283765,0.028294539495709477,0,0
20091,2012,3,"Johnson County, Kansas",27671429,12344153,349358,268,Private,3,2012-09-01,2012.6666666666667,7743,KS,7.25,3443431227,307437314,12736258,936,281657,0.027490884302538193,0,0
20091,2012,4,"Johnson County, Kansas",26753350,9188677,266068,266,Private,1,2012-10-01,2012.75,7708,KS,7.25,3976897706,278174222,11575882,1070,284800,0.027064606741573034,0,0
20091,2012,4,"Johnson County, Kansas",26753350,9188677,266068,266,Private,2,2012-11-01,2012.8333333333333,7706,KS,7.25,3976897706,278174222,11575882,1070,286244,0.02692108830228756,0,0
20091,2012,4,"Johnson County, Kansas",26753350,9188677,266068,266,Private,3,2012-12-01,2012.9166666666667,7813,KS,7.25,3976897706,278174222,11575882,1070,286646,0.02725661617465445,0,0
20103,2012,1,"Leavenworth County, Kansas",1410696,1295616,38937,217,Private,1,2012-01-01,2012,496,KS,7.25,102925706,62965119,2671162,666,11742,0.04224152614546074,0,0
20103,2012,1,"Leavenworth County, Kansas",1410696,1295616,38937,217,Private,2,2012-02-01,2012.0833333333333,497,KS,7.25,102925706,62965119,2671162,666,11818,0.0420544931460484,0,0
20103,2012,1,"Leavenworth County, Kansas",1410696,1295616,38937,217,Private,3,2012-03-01,2012.1666666666667,506,KS,7.25,102925706,62965119,2671162,666,12110,0.04178364987613543,0,0
20103,2012,2,"Leavenworth County, Kansas",1520467,1142627,34633,228,Private,1,2012-04-01,2012.25,510,KS,7.25,104542663,21927878,939675,647,12356,0.04127549368727743,0,0
20103,2012,2,"Leavenworth County, Kansas",1520467,1142627,34633,228,Private,2,2012-05-01,2012.3333333333333,520,KS,7.25,104542663,21927878,939675,647,12486,0.04164664424155054,0,0
20103,2012,2,"Leavenworth County, Kansas",1520467,1142627,34633,228,Private,3,2012-06-01,2012.4166666666667,506,KS,7.25,104542663,21927878,939675,647,12466,0.04059040590405904,0,0
20103,2012,3,"Leavenworth County, Kansas",1499543,826603,26096,218,Private,1,2012-07-01,2012.5,524,KS,7.25,108533163,13255598,568494,679,12333,0.04248763480094057,0,0
20103,2012,3,"Leavenworth County, Kansas",1499543,826603,26096,218,Private,2,2012-08-01,2012.5833333333333,533,KS,7.25,108533163,13255598,568494,679,12247,0.043520862251980076,0,0
20103,2012,3,"Leavenworth County, Kansas",1499543,826603,26096,218,Private,3,2012-09-01,2012.6666666666667,527,KS,7.25,108533163,13255598,568494,679,12290,0.04288039056143206,0,0
20103,2012,4,"Leavenworth County, Kansas",1518359,626725,20506,220,Private,1,2012-10-01,2012.75,548,KS,7.25,111953269,11383327,471167,691,12451,0.04401252911412738,0,0
20103,2012,4,"Leavenworth County, Kansas",1518359,626725,20506,220,Private,2,2012-11-01,2012.8333333333333,521,KS,7.25,111953269,11383327,471167,691,12487,0.04172339232802114,0,0
20103,2012,4,"Leavenworth County, Kansas",1518359,626725,20506,220,Private,3,2012-12-01,2012.9166666666667,524,KS,7.25,111953269,11383327,471167,691,12450,0.04208835341365462,0,0
20209,2012,1,"Wyandotte County, Kansas",6678391,5652892,156277,279,Private,1,2012-01-01,2012,1808,KS,7.25,755967287,443187954,18816792,880,65244,0.02771136043161057,0,0
20209,2012,1,"Wyandotte County, Kansas",6678391,5652892,156277,279,Private,2,2012-02-01,2012.0833333333333,1825,KS,7.25,755967287,443187954,18816792,880,66072,0.027621382733987166,0,0
20209,2012,1,"Wyandotte County, Kansas",6678391,5652892,156277,279,Private,3,2012-03-01,2012.1666666666667,1886,KS,7.25,755967287,443187954,18816792,880,66899,0.028191751745168088,0,0
20209,2012,2,"Wyandotte County, Kansas",6902591,4243427,125846,278,Private,1,2012-04-01,2012.25,1893,KS,7.25,725845608,161700906,4367596,815,67761,0.027936423606499314,0,0
20209,2012,2,"Wyandotte County, Kansas",6902591,4243427,125846,278,Private,2,2012-05-01,2012.3333333333333,1922,KS,7.25,725845608,161700906,4367596,815,68475,0.028068638189120115,0,0
20209,2012,2,"Wyandotte County, Kansas",6902591,4243427,125846,278,Private,3,2012-06-01,2012.4166666666667,1912,KS,7.25,725845608,161700906,4367596,815,69289,0.027594567680295574,0,0
20209,2012,3,"Wyandotte County, Kansas",7121035,2805836,84574,286,Private,1,2012-07-01,2012.5,1917,KS,7.25,748202897,151943083,3093048,831,68431,0.02801361955838728,0,0
20209,2012,3,"Wyandotte County, Kansas",7121035,2805836,84574,286,Private,2,2012-08-01,2012.5833333333333,1956,KS,7.25,748202897,151943083,3093048,831,69760,0.028038990825688073,0,0
20209,2012,3,"Wyandotte County, Kansas",7121035,2805836,84574,286,Private,3,2012-09-01,2012.6666666666667,1871,KS,7.25,748202897,151943083,3093048,831,69636,0.026868286518467458,0,0
20209,2012,4,"Wyandotte County, Kansas",6902210,1985683,62109,281,Private,1,2012-10-01,2012.75,1904,KS,7.25,774299818,135336784,2481639,863,69357,0.02745216776965555,0,0
20209,2012,4,"Wyandotte County, Kansas",6902210,1985683,62109,281,Private,2,2012-11-01,2012.8333333333333,1882,KS,7.25,774299818,135336784,2481639,863,69183,0.027203214662561613,0,0
20209,2012,4,"Wyandotte County, Kansas",6902210,1985683,62109,281,Private,3,2012-12-01,2012.9166666666667,1876,KS,7.25,774299818,135336784,2481639,863,68415,0.027420887232332092,0,0
29011,2012,1,"Barton County, Missouri",509175,506701,4603,182,Private,1,2012-01-01,2012,217,MO,7.25,15509007,13434712,294862,502,2374,0.09140690817186184,0,1
29011,2012,1,"Barton County, Missouri",509175,506701,4603,182,Private,2,2012-02-01,2012.0833333333333,212,MO,7.25,15509007,13434712,294862,502,2342,0.09052092228864218,0,1
29011,2012,1,"Barton County, Missouri",509175,506701,4603,182,Private,3,2012-03-01,2012.1666666666667,216,MO,7.25,15509007,13434712,294862,502,2417,0.08936698386429458,0,1
29011,2012,2,"Barton County, Missouri",579691,527044,4859,201,Private,1,2012-04-01,2012.25,214,MO,7.25,15217229,8588388,189250,478,2435,0.08788501026694046,0,1
29011,2012,2,"Barton County, Missouri",579691,527044,4859,201,Private,2,2012-05-01,2012.3333333333333,223,MO,7.25,15217229,8588388,189250,478,2441,0.09135600163867268,0,1
29011,2012,2,"Barton County, Missouri",579691,527044,4859,201,Private,3,2012-06-01,2012.4166666666667,229,MO,7.25,15217229,8588388,189250,478,2468,0.09278768233387358,0,1
29011,2012,3,"Barton County, Missouri",599344,498312,4626,195,Private,1,2012-07-01,2012.5,242,MO,7.25,15403114,4866185,100876,478,2507,0.09652971679297966,0,1
29011,2012,3,"Barton County, Missouri",599344,498312,4626,195,Private,2,2012-08-01,2012.5833333333333,234,MO,7.25,15403114,4866185,100876,478,2496,0.09375,0,1
29011,2012,3,"Barton County, Missouri",599344,498312,4626,195,Private,3,2012-09-01,2012.6666666666667,232,MO,7.25,15403114,4866185,100876,478,2428,0.09555189456342669,0,1
29011,2012,4,"Barton County, Missouri",554594,380799,3568,192,Private,1,2012-10-01,2012.75,227,MO,7.25,15994714,3044240,59887,507,2463,0.0921640276086074,0,1
29011,2012,4,"Barton County, Missouri",554594,380799,3568,192,Private,2,2012-11-01,2012.8333333333333,218,MO,7.25,15994714,3044240,59887,507,2422,0.09000825763831544,0,1
29011,2012,4,"Barton County, Missouri",554594,380799,3568,192,Private,3,2012-12-01,2012.9166666666667,220,MO,7.25,15994714,3044240,59887,507,2392,0.09197324414715718,0,1
29013,2012,1,"Bates County, Missouri",325921,323983,2393,173,Private,1,2012-01-01,2012,144,MO,7.25,13877777,11995573,220340,448,2394,0.06015037593984962,0,1
29013,2012,1,"Bates County, Missouri",325921,323983,2393,173,Private,2,2012-02-01,2012.0833333333333,143,MO,7.25,13877777,11995573,220340,448,2366,0.06043956043956044,0,1
29013,2012,1,"Bates County, Missouri",325921,323983,2393,173,Private,3,2012-03-01,2012.1666666666667,148,MO,7.25,13877777,11995573,220340,448,2393,0.06184705390722942,0,1
29013,2012,2,"Bates County, Missouri",359127,330638,2532,190,Private,1,2012-04-01,2012.25,138,MO,7.25,14836451,7728044,150176,469,2413,0.05719021964359718,0,1
29013,2012,2,"Bates County, Missouri",359127,330638,2532,190,Private,2,2012-05-01,2012.3333333333333,150,MO,7.25,14836451,7728044,150176,469,2459,0.061000406669377796,0,1
29013,2012,2,"Bates County, Missouri",359127,330638,2532,190,Private,3,2012-06-01,2012.4166666666667,148,MO,7.25,14836451,7728044,150176,469,2428,0.060955518945634266,0,1
29013,2012,3,"Bates County, Missouri",380638,314978,2284,186,Private,1,2012-07-01,2012.5,165,MO,7.25,14617040,4530577,96240,460,2457,0.06715506715506715,0,1
29013,2012,3,"Bates County, Missouri",380638,314978,2284,186,Private,2,2012-08-01,2012.5833333333333,158,MO,7.25,14617040,4530577,96240,460,2470,0.06396761133603239,0,1
29013,2012,3,"Bates County, Missouri",380638,314978,2284,186,Private,3,2012-09-01,2012.6666666666667,150,MO,7.25,14617040,4530577,96240,460,2411,0.06221484861053505,0,1
29013,2012,4,"Bates County, Missouri",308534,226295,1665,213,Private,1,2012-10-01,2012.75,112,MO,7.25,16750780,3230232,73682,553,2347,0.04772049424797614,0,1
29013,2012,4,"Bates County, Missouri",308534,226295,1665,213,Private,2,2012-11-01,2012.8333333333333,113,MO,7.25,16750780,3230232,73682,553,2333,0.048435490784397774,0,1
29013,2012,4,"Bates County, Missouri",308534,226295,1665,213,Private,3,2012-12-01,2012.9166666666667,110,MO,7.25,16750780,3230232,73682,553,2315,0.047516198704103674,0,1
29021,2012,1,"Buchanan County, Missouri",3777761,3635445,43318,220,Private,1,2012-01-01,2012,1278,MO,7.25,387096331,241609718,5554798,766,38740,0.0329891584925142,0,1
29021,2012,1,"Buchanan County, Missouri",3777761,3635445,43318,220,Private,2,2012-02-01,2012.0833333333333,1327,MO,7.25,387096331,241609718,5554798,766,38746,0.034248696639653124,0,1
29021,2012,1,"Buchanan County, Missouri",3777761,3635445,43318,220,Private,3,2012-03-01,2012.1666666666667,1362,MO,7.25,387096331,241609718,5554798,766,39060,0.034869431643625194,0,1
29021,2012,2,"Buchanan County, Missouri",4077120,3482730,41893,221,Private,1,2012-04-01,2012.25,1406,MO,7.25,367016759,109861170,2529668,714,39323,0.03575515601556341,0,1
29021,2012,2,"Buchanan County, Missouri",4077120,3482730,41893,221,Private,2,2012-05-01,2012.3333333333333,1444,MO,7.25,367016759,109861170,2529668,714,39601,0.036463725663493346,0,1
29021,2012,2,"Buchanan County, Missouri",4077120,3482730,41893,221,Private,3,2012-06-01,2012.4166666666667,1417,MO,7.25,367016759,109861170,2529668,714,39707,0.03568640290125167,0,1
29021,2012,3,"Buchanan County, Missouri",4231437,3107378,37574,232,Private,1,2012-07-01,2012.5,1390,MO,7.25,381643815,57663482,1260532,739,39636,0.03506912907457867,0,1
29021,2012,3,"Buchanan County, Missouri",4231437,3107378,37574,232,Private,2,2012-08-01,2012.5833333333333,1410,MO,7.25,381643815,57663482,1260532,739,39785,0.03544049264798291,0,1
29021,2012,3,"Buchanan County, Missouri",4231437,3107378,37574,232,Private,3,2012-09-01,2012.6666666666667,1405,MO,7.25,381643815,57663482,1260532,739,39774,0.03532458389902952,0,1
29021,2012,4,"Buchanan County, Missouri",4163535,2463100,29324,223,Private,1,2012-10-01,2012.75,1428,MO,7.25,420900575,43956767,983462,804,39955,0.035740207733700416,0,1
29021,2012,4,"Buchanan County, Missouri",4163535,2463100,29324,223,Private,2,2012-11-01,2012.8333333333333,1440,MO,7.25,420900575,43956767,983462,804,40312,0.035721373288350865,0,1
29021,2012,4,"Buchanan County, Missouri",4163535,2463100,29324,223,Private,3,2012-12-01,2012.9166666666667,1432,MO,7.25,420900575,43956767,983462,804,40514,0.03534580638791529,0,1
29037,2012,1,"Cass County, Missouri",2847931,2773623,30675,237,Private,1,2012-01-01,2012,906,MO,7.25,127686139,106360328,2431420,561,17270,0.05246091488129705,0,1
29037,2012,1,"Cass County, Missouri",2847931,2773623,30675,237,Private,2,2012-02-01,2012.0833333333333,907,MO,7.25,127686139,106360328,2431420,561,17427,0.05204567624949791,0,1
29037,2012,1,"Cass County, Missouri",2847931,2773623,30675,237,Private,3,2012-03-01,2012.1666666666667,956,MO,7.25,127686139,106360328,2431420,561,17832,0.05361148497083894,0,1
29037,2012,2,"Cass County, Missouri",3116568,2521144,28284,239,Private,1,2012-04-01,2012.25,980,MO,7.25,133941513,63599739,1458122,564,18152,0.05398854120758043,0,1
29037,2012,2,"Cass County, Missouri",3116568,2521144,28284,239,Private,2,2012-05-01,2012.3333333333333,1012,MO,7.25,133941513,63599739,1458122,564,18375,0.05507482993197279,0,1
29037,2012,2,"Cass County, Missouri",3116568,2521144,28284,239,Private,3,2012-06-01,2012.4166666666667,1017,MO,7.25,133941513,63599739,1458122,564,18279,0.05563761693746923,0,1
29037,2012,3,"Cass County, Missouri",3267151,2175859,24725,250,Private,1,2012-07-01,2012.5,1009,MO,7.25,134334008,35740675,807556,565,18172,0.055524983491085186,0,1
29037,2012,3,"Cass County, Missouri",3267151,2175859,24725,250,Private,2,2012-08-01,2012.5833333333333,1027,MO,7.25,134334008,35740675,807556,565,18406,0.05579702270998588,0,1
29037,2012,3,"Cass County, Missouri",3267151,2175859,24725,250,Private,3,2012-09-01,2012.6666666666667,983,MO,7.25,134334008,35740675,807556,565,18314,0.05367478431800808,0,1
29037,2012,4,"Cass County, Missouri",3010337,1595563,19138,243,Private,1,2012-10-01,2012.75,966,MO,7.25,144801696,25748102,620167,608,18372,0.05258001306335728,0,1
29037,2012,4,"Cass County, Missouri",3010337,1595563,19138,243,Private,2,2012-11-01,2012.8333333333333,936,MO,7.25,144801696,25748102,620167,608,18365,0.05096651238769399,0,1
29037,2012,4,"Cass County, Missouri",3010337,1595563,19138,243,Private,3,2012-12-01,2012.9166666666667,958,MO,7.25,144801696,25748102,620167,608,18248,0.0524989039894783,0,1
29047,2012,1,"Clay County, Missouri",9646039,9316946,115357,249,Private,1,2012-01-01,2012,2941,MO,7.25,793582157,531384038,12802663,872,69590,0.042261819226900414,0,1
29047,2012,1,"Clay County, Missouri",9646039,9316946,115357,249,Private,2,2012-02-01,2012.0833333333333,2985,MO,7.25,793582157,531384038,12802663,872,69418,0.043000374542625834,0,1
29047,2012,1,"Clay County, Missouri",9646039,9316946,115357,249,Private,3,2012-03-01,2012.1666666666667,3022,MO,7.25,793582157,531384038,12802663,872,70977,0.04257717288699156,0,1
29047,2012,2,"Clay County, Missouri",9874817,8107023,100811,241,Private,1,2012-04-01,2012.25,3060,MO,7.25,757326852,203582362,4451281,812,71890,0.04256502990680206,0,1
29047,2012,2,"Clay County, Missouri",9874817,8107023,100811,241,Private,2,2012-05-01,2012.3333333333333,3191,MO,7.25,757326852,203582362,4451281,812,71113,0.04487224558097676,0,1
29047,2012,2,"Clay County, Missouri",9874817,8107023,100811,241,Private,3,2012-06-01,2012.4166666666667,3199,MO,7.25,757326852,203582362,4451281,812,72231,0.044288463402140356,0,1
29047,2012,3,"Clay County, Missouri",10903872,7689138,98681,265,Private,1,2012-07-01,2012.5,3178,MO,7.25,753864871,121492845,2541886,799,72361,0.04391868547974738,0,1
29047,2012,3,"Clay County, Missouri",10903872,7689138,98681,265,Private,2,2012-08-01,2012.5833333333333,3214,MO,7.25,753864871,121492845,2541886,799,73090,0.04397318374606649,0,1
29047,2012,3,"Clay County, Missouri",10903872,7689138,98681,265,Private,3,2012-09-01,2012.6666666666667,3111,MO,7.25,753864871,121492845,2541886,799,72412,0.04296249240457383,0,1
29047,2012,4,"Clay County, Missouri",10142314,5658882,78229,244,Private,1,2012-10-01,2012.75,3221,MO,7.25,835016143,91087971,2040845,894,72658,0.044330975253929365,0,1
29047,2012,4,"Clay County, Missouri",10142314,5658882,78229,244,Private,2,2012-11-01,2012.8333333333333,3151,MO,7.25,835016143,91087971,2040845,894,71756,0.043912704164111714,0,1
29047,2012,4,"Clay County, Missouri",10142314,5658882,78229,244,Private,3,2012-12-01,2012.9166666666667,3208,MO,7.25,835016143,91087971,2040845,894,71097,0.04512145378848615,0,1
29095,2012,1,"Jackson County, Missouri",33062881,31802065,446257,260,Private,1,2012-01-01,2012,9671,MO,7.25,3571378475,2082690071,47188045,974,280615,0.03446358890294532,0,1
29095,2012,1,"Jackson County, Missouri",33062881,31802065,446257,260,Private,2,2012-02-01,2012.0833333333333,9719,MO,7.25,3571378475,2082690071,47188045,974,281414,0.034536305940713684,0,1
29095,2012,1,"Jackson County, Missouri",33062881,31802065,446257,260,Private,3,2012-03-01,2012.1666666666667,9949,MO,7.25,3571378475,2082690071,47188045,974,284564,0.03496225805091298,0,1
29095,2012,2,"Jackson County, Missouri",33328014,27093499,379654,251,Private,1,2012-04-01,2012.25,10058,MO,7.25,3392385487,779601319,18747361,903,287316,0.03500675214746133,0,1
29095,2012,2,"Jackson County, Missouri",33328014,27093499,379654,251,Private,2,2012-05-01,2012.3333333333333,10291,MO,7.25,3392385487,779601319,18747361,903,289485,0.035549337616802255,0,1
29095,2012,2,"Jackson County, Missouri",33328014,27093499,379654,251,Private,3,2012-06-01,2012.4166666666667,10332,MO,7.25,3392385487,779601319,18747361,903,290289,0.03559211682151236,0,1
29095,2012,3,"Jackson County, Missouri",35460018,24251270,343020,263,Private,1,2012-07-01,2012.5,10330,MO,7.25,3416650502,429191853,10265181,904,291016,0.03549633009868873,0,1
29095,2012,3,"Jackson County, Missouri",35460018,24251270,343020,263,Private,2,2012-08-01,2012.5833333333333,10492,MO,7.25,3416650502,429191853,10265181,904,291959,0.03593655273514432,0,1
29095,2012,3,"Jackson County, Missouri",35460018,24251270,343020,263,Private,3,2012-09-01,2012.6666666666667,10281,MO,7.25,3416650502,429191853,10265181,904,289186,0.03555151355874766,0,1
29095,2012,4,"Jackson County, Missouri",34263692,18107775,260866,256,Private,1,2012-10-01,2012.75,10226,MO,7.25,3959625512,336585022,8487394,1043,291006,0.035140168931224784,0,1
29095,2012,4,"Jackson County, Missouri",34263692,18107775,260866,256,Private,2,2012-11-01,2012.8333333333333,10337,MO,7.25,3959625512,336585022,8487394,1043,293176,0.03525868420334543,0,1
29095,2012,4,"Jackson County, Missouri",34263692,18107775,260866,256,Private,3,2012-12-01,2012.9166666666667,10285,MO,7.25,3959625512,336585022,8487394,1043,292316,0.0351845263345147,0,1
29097,2012,1,"Jasper County, Missouri",5459177,5264270,62061,213,Private,1,2012-01-01,2012,1950,MO,7.25,437502602,325463782,6649919,680,49503,0.03939155202714987,0,1
29097,2012,1,"Jasper County, Missouri",5459177,5264270,62061,213,Private,2,2012-02-01,2012.0833333333333,1924,MO,7.25,437502602,325463782,6649919,680,49227,0.03908424238730778,0,1
29097,2012,1,"Jasper County, Missouri",5459177,5264270,62061,213,Private,3,2012-03-01,2012.1666666666667,2045,MO,7.25,437502602,325463782,6649919,680,49771,0.041088183882180385,0,1
29097,2012,2,"Jasper County, Missouri",5725583,4929802,59157,212,Private,1,2012-04-01,2012.25,2105,MO,7.25,417353510,157939719,3281794,642,49812,0.04225889343933189,0,1
29097,2012,2,"Jasper County, Missouri",5725583,4929802,59157,212,Private,2,2012-05-01,2012.3333333333333,2076,MO,7.25,417353510,157939719,3281794,642,49983,0.04153412160134446,0,1
29097,2012,2,"Jasper County, Missouri",5725583,4929802,59157,212,Private,3,2012-06-01,2012.4166666666667,2063,MO,7.25,417353510,157939719,3281794,642,50117,0.041163676995829755,0,1
29097,2012,3,"Jasper County, Missouri",5807551,4180699,48612,222,Private,1,2012-07-01,2012.5,2025,MO,7.25,422187029,81504417,1662000,650,49956,0.040535671390823924,0,1
29097,2012,3,"Jasper County, Missouri",5807551,4180699,48612,222,Private,2,2012-08-01,2012.5833333333333,2020,MO,7.25,422187029,81504417,1662000,650,49979,0.04041697512955441,0,1
29097,2012,3,"Jasper County, Missouri",5807551,4180699,48612,222,Private,3,2012-09-01,2012.6666666666667,1999,MO,7.25,422187029,81504417,1662000,650,49845,0.040104323402547895,0,1
29097,2012,4,"Jasper County, Missouri",5617469,3294320,39634,219,Private,1,2012-10-01,2012.75,1963,MO,7.25,455226416,62368150,1293738,693,50148,0.03914413336523889,0,1
29097,2012,4,"Jasper County, Missouri",5617469,3294320,39634,219,Private,2,2012-11-01,2012.8333333333333,1951,MO,7.25,455226416,62368150,1293738,693,50653,0.03851696839279016,0,1
29097,2012,4,"Jasper County, Missouri",5617469,3294320,39634,219,Private,3,2012-12-01,2012.9166666666667,1997,MO,7.25,455226416,62368150,1293738,693,50858,0.03926619214282905,0,1
29145,2012,1,"Newton County, Missouri",1557737,1473045,11909,254,Private,1,2012-01-01,2012,461,MO,7.25,156069258,84736795,2038403,716,16674,0.027647834952620846,0,1
29145,2012,1,"Newton County, Missouri",1557737,1473045,11909,254,Private,2,2012-02-01,2012.0833333333333,464,MO,7.25,156069258,84736795,2038403,716,16766,0.027675056662292735,0,1
29145,2012,1,"Newton County, Missouri",1557737,1473045,11909,254,Private,3,2012-03-01,2012.1666666666667,491,MO,7.25,156069258,84736795,2038403,716,16874,0.029098020623444354,0,1
29145,2012,2,"Newton County, Missouri",1675898,1395653,12055,231,Private,1,2012-04-01,2012.25,539,MO,7.25,151137529,44564112,1036547,689,16857,0.031974847244468176,0,1
29145,2012,2,"Newton County, Missouri",1675898,1395653,12055,231,Private,2,2012-05-01,2012.3333333333333,576,MO,7.25,151137529,44564112,1036547,689,16928,0.034026465028355386,0,1
29145,2012,2,"Newton County, Missouri",1675898,1395653,12055,231,Private,3,2012-06-01,2012.4166666666667,561,MO,7.25,151137529,44564112,1036547,689,16870,0.03325429756965027,0,1
29145,2012,3,"Newton County, Missouri",1656369,1124479,9219,252,Private,1,2012-07-01,2012.5,510,MO,7.25,157085246,22153671,464987,712,16877,0.030218640753688453,0,1
29145,2012,3,"Newton County, Missouri",1656369,1124479,9219,252,Private,2,2012-08-01,2012.5833333333333,493,MO,7.25,157085246,22153671,464987,712,17024,0.028959116541353382,0,1
29145,2012,3,"Newton County, Missouri",1656369,1124479,9219,252,Private,3,2012-09-01,2012.6666666666667,516,MO,7.25,157085246,22153671,464987,712,17042,0.030278136368970778,0,1
29145,2012,4,"Newton County, Missouri",1521141,849931,7428,237,Private,1,2012-10-01,2012.75,498,MO,7.25,154142606,16153442,344164,699,17017,0.029264852794264558,0,1
29145,2012,4,"Newton County, Missouri",1521141,849931,7428,237,Private,2,2012-11-01,2012.8333333333333,496,MO,7.25,154142606,16153442,344164,699,16967,0.029233217422054578,0,1
29145,2012,4,"Newton County, Missouri",1521141,849931,7428,237,Private,3,2012-12-01,2012.9166666666667,490,MO,7.25,154142606,16153442,344164,699,16899,0.0289957985679626,0,1
29165,2012,1,"Platte County, Missouri",4200998,4074109,55444,253,Private,1,2012-01-01,2012,1274,MO,7.25,349290746,247593131,5451527,767,35015,0.03638440668285021,0,1
29165,2012,1,"Platte County, Missouri",4200998,4074109,55444,253,Private,2,2012-02-01,2012.0833333333333,1278,MO,7.25,349290746,247593131,5451527,767,34873,0.03664726292547243,0,1
29165,2012,1,"Platte County, Missouri",4200998,4074109,55444,253,Private,3,2012-03-01,2012.1666666666667,1273,MO,7.25,349290746,247593131,5451527,767,35140,0.036226522481502564,0,1
29165,2012,2,"Platte County, Missouri",4235747,3500227,48448,243,Private,1,2012-04-01,2012.25,1317,MO,7.25,358061677,109604574,2401925,770,35354,0.037251796119251,0,1
29165,2012,2,"Platte County, Missouri",4235747,3500227,48448,243,Private,2,2012-05-01,2012.3333333333333,1358,MO,7.25,358061677,109604574,2401925,770,35793,0.037940379403794036,0,1
29165,2012,2,"Platte County, Missouri",4235747,3500227,48448,243,Private,3,2012-06-01,2012.4166666666667,1343,MO,7.25,358061677,109604574,2401925,770,36128,0.037173383525243575,0,1
29165,2012,3,"Platte County, Missouri",4541995,3108112,43046,265,Private,1,2012-07-01,2012.5,1324,MO,7.25,337999400,55005913,1222593,734,35557,0.03723598728801642,0,1
29165,2012,3,"Platte County, Missouri",4541995,3108112,43046,265,Private,2,2012-08-01,2012.5833333333333,1336,MO,7.25,337999400,55005913,1222593,734,35604,0.0375238737220537,0,1
29165,2012,3,"Platte County, Missouri",4541995,3108112,43046,265,Private,3,2012-09-01,2012.6666666666667,1302,MO,7.25,337999400,55005913,1222593,734,35101,0.03709296031452095,0,1
29165,2012,4,"Platte County, Missouri",4282571,2423116,32448,241,Private,1,2012-10-01,2012.75,1343,MO,7.25,382441018,41295235,920575,832,35353,0.03798828953695584,0,1
29165,2012,4,"Platte County, Missouri",4282571,2423116,32448,241,Private,2,2012-11-01,2012.8333333333333,1383,MO,7.25,382441018,41295235,920575,832,35572,0.03887889351175081,0,1
29165,2012,4,"Platte County, Missouri",4282571,2423116,32448,241,Private,3,2012-12-01,2012.9166666666667,1369,MO,7.25,382441018,41295235,920575,832,35179,0.03891526194604736,0,1
29217,2012,1,"Vernon County, Missouri",710382,682316,12511,218,Private,1,2012-01-01,2012,249,MO,7.25,45310989,34967480,513047,647,5353,0.04651597235195218,0,1
29217,2012,1,"Vernon County, Missouri",710382,682316,12511,218,Private,2,2012-02-01,2012.0833333333333,243,MO,7.25,45310989,34967480,513047,647,5388,0.04510022271714922,0,1
29217,2012,1,"Vernon County, Missouri",710382,682316,12511,218,Private,3,2012-03-01,2012.1666666666667,259,MO,7.25,45310989,34967480,513047,647,5416,0.047821270310192024,0,1
29217,2012,2,"Vernon County, Missouri",725800,665497,11415,230,Private,1,2012-04-01,2012.25,245,MO,7.25,42662826,15919200,278881,605,5429,0.04512801620924664,0,1
29217,2012,2,"Vernon County, Missouri",725800,665497,11415,230,Private,2,2012-05-01,2012.3333333333333,241,MO,7.25,42662826,15919200,278881,605,5427,0.04440759167127326,0,1
29217,2012,2,"Vernon County, Missouri",725800,665497,11415,230,Private,3,2012-06-01,2012.4166666666667,242,MO,7.25,42662826,15919200,278881,605,5417,0.04467417389699095,0,1
29217,2012,3,"Vernon County, Missouri",723808,564630,9306,239,Private,1,2012-07-01,2012.5,244,MO,7.25,44695816,9206862,168090,628,5458,0.04470502015390253,0,1
29217,2012,3,"Vernon County, Missouri",723808,564630,9306,239,Private,2,2012-08-01,2012.5833333333333,237,MO,7.25,44695816,9206862,168090,628,5504,0.043059593023255814,0,1
29217,2012,3,"Vernon County, Missouri",723808,564630,9306,239,Private,3,2012-09-01,2012.6666666666667,218,MO,7.25,44695816,9206862,168090,628,5458,0.03994137046537193,0,1
29217,2012,4,"Vernon County, Missouri",721165,438274,7214,237,Private,1,2012-10-01,2012.75,234,MO,7.25,43781935,5975667,115877,615,5462,0.04284145001830831,0,1
29217,2012,4,"Vernon County, Missouri",721165,438274,7214,237,Private,2,2012-11-01,2012.8333333333333,239,MO,7.25,43781935,5975667,115877,615,5473,0.04366892015348072,0,1
29217,2012,4,"Vernon County, Missouri",721165,438274,7214,237,Private,3,2012-12-01,2012.9166666666667,230,MO,7.25,43781935,5975667,115877,615,5487,0.04191725897576089,0,1
20005,2013,1,"Atchison County, Kansas",628114,580364,14417,188,Private,1,2013-01-01,2013,255,KS,7.25,39420026,22157865,1121100,625,4835,0.052740434332988625,1,0
20005,2013,1,"Atchison County, Kansas",628114,580364,14417,188,Private,2,2013-02-01,2013.0833333333333,252,KS,7.25,39420026,22157865,1121100,625,4829,0.052184717332781114,1,0
20005,2013,1,"Atchison County, Kansas",628114,580364,14417,188,Private,3,2013-03-01,2013.1666666666667,264,KS,7.25,39420026,22157865,1121100,625,4891,0.0539766918830505,1,0
20005,2013,2,"Atchison County, Kansas",728170,529056,13007,213,Private,1,2013-04-01,2013.25,262,KS,7.25,38841147,7196898,302837,609,4878,0.053710537105371055,1,0
20005,2013,2,"Atchison County, Kansas",728170,529056,13007,213,Private,2,2013-05-01,2013.3333333333333,266,KS,7.25,38841147,7196898,302837,609,4878,0.05453054530545305,1,0
20005,2013,2,"Atchison County, Kansas",728170,529056,13007,213,Private,3,2013-06-01,2013.4166666666667,262,KS,7.25,38841147,7196898,302837,609,4967,0.0527481377088786,1,0
20005,2013,3,"Atchison County, Kansas",719877,369335,9256,215,Private,1,2013-07-01,2013.5,254,KS,7.25,42683850,4644119,194516,658,4928,0.05154220779220779,1,0
20005,2013,3,"Atchison County, Kansas",719877,369335,9256,215,Private,2,2013-08-01,2013.5833333333333,259,KS,7.25,42683850,4644119,194516,658,4986,0.05194544725230646,1,0
20005,2013,3,"Atchison County, Kansas",719877,369335,9256,215,Private,3,2013-09-01,2013.6666666666667,261,KS,7.25,42683850,4644119,194516,658,5046,0.05172413793103448,1,0
20005,2013,4,"Atchison County, Kansas",720057,303675,8276,214,Private,1,2013-10-01,2013.75,262,KS,7.25,43259695,3865787,153527,660,5064,0.05173775671406003,1,0
20005,2013,4,"Atchison County, Kansas",720057,303675,8276,214,Private,2,2013-11-01,2013.8333333333333,261,KS,7.25,43259695,3865787,153527,660,5052,0.05166270783847981,1,0
20005,2013,4,"Atchison County, Kansas",720057,303675,8276,214,Private,3,2013-12-01,2013.9166666666667,254,KS,7.25,43259695,3865787,153527,660,5020,0.050597609561752986,1,0
20011,2013,1,"Bourbon County, Kansas",510772,454129,12580,181,Private,1,2013-01-01,2013,218,KS,7.25,36462474,22351735,993483,604,4618,0.047206582936336075,1,0
20011,2013,1,"Bourbon County, Kansas",510772,454129,12580,181,Private,2,2013-02-01,2013.0833333333333,213,KS,7.25,36462474,22351735,993483,604,4602,0.046284224250325946,1,0
20011,2013,1,"Bourbon County, Kansas",510772,454129,12580,181,Private,3,2013-03-01,2013.1666666666667,221,KS,7.25,36462474,22351735,993483,604,4718,0.046841882153454854,1,0
20011,2013,2,"Bourbon County, Kansas",625326,484417,12730,199,Private,1,2013-04-01,2013.25,236,KS,7.25,36664878,7141782,296230,592,4709,0.050116797621575705,1,0
20011,2013,2,"Bourbon County, Kansas",625326,484417,12730,199,Private,2,2013-05-01,2013.3333333333333,244,KS,7.25,36664878,7141782,296230,592,4739,0.051487655623549275,1,0
20011,2013,2,"Bourbon County, Kansas",625326,484417,12730,199,Private,3,2013-06-01,2013.4166666666667,244,KS,7.25,36664878,7141782,296230,592,4844,0.05037159372419488,1,0
20011,2013,3,"Bourbon County, Kansas",645509,374357,10067,205,Private,1,2013-07-01,2013.5,243,KS,7.25,37663389,4875853,221080,593,4836,0.05024813895781638,1,0
20011,2013,3,"Bourbon County, Kansas",645509,374357,10067,205,Private,2,2013-08-01,2013.5833333333333,232,KS,7.25,37663389,4875853,221080,593,4884,0.0475020475020475,1,0
20011,2013,3,"Bourbon County, Kansas",645509,374357,10067,205,Private,3,2013-09-01,2013.6666666666667,252,KS,7.25,37663389,4875853,221080,593,4945,0.05096056622851365,1,0
20011,2013,4,"Bourbon County, Kansas",624338,285635,8017,191,Private,1,2013-10-01,2013.75,252,KS,7.25,41523882,3629968,158259,660,4819,0.05229300684789375,1,0
20011,2013,4,"Bourbon County, Kansas",624338,285635,8017,191,Private,2,2013-11-01,2013.8333333333333,256,KS,7.25,41523882,3629968,158259,660,4852,0.05276174773289365,1,0
20011,2013,4,"Bourbon County, Kansas",624338,285635,8017,191,Private,3,2013-12-01,2013.9166666666667,246,KS,7.25,41523882,3629968,158259,660,4840,0.050826446280991734,1,0
20013,2013,1,"Brown County, Kansas",320171,306155,5429,219,Private,1,2013-01-01,2013,111,KS,7.25,27167178,16793049,563173,658,3157,0.035159961989230284,1,0
20013,2013,1,"Brown County, Kansas",320171,306155,5429,219,Private,2,2013-02-01,2013.0833333333333,111,KS,7.25,27167178,16793049,563173,658,3160,0.03512658227848101,1,0
20013,2013,1,"Brown County, Kansas",320171,306155,5429,219,Private,3,2013-03-01,2013.1666666666667,116,KS,7.25,27167178,16793049,563173,658,3216,0.036069651741293535,1,0
20013,2013,2,"Brown County, Kansas",338411,241921,4070,235,Private,1,2013-04-01,2013.25,109,KS,7.25,27592495,4509409,154089,645,3216,0.033893034825870645,1,0
20013,2013,2,"Brown County, Kansas",338411,241921,4070,235,Private,2,2013-05-01,2013.3333333333333,111,KS,7.25,27592495,4509409,154089,645,3234,0.03432282003710575,1,0
20013,2013,2,"Brown County, Kansas",338411,241921,4070,235,Private,3,2013-06-01,2013.4166666666667,113,KS,7.25,27592495,4509409,154089,645,3420,0.03304093567251462,1,0
20013,2013,3,"Brown County, Kansas",365950,192974,3084,235,Private,1,2013-07-01,2013.5,126,KS,7.25,29537291,2974930,100857,676,3375,0.037333333333333336,1,0
20013,2013,3,"Brown County, Kansas",365950,192974,3084,235,Private,2,2013-08-01,2013.5833333333333,126,KS,7.25,29537291,2974930,100857,676,3373,0.037355469908093686,1,0
20013,2013,3,"Brown County, Kansas",365950,192974,3084,235,Private,3,2013-09-01,2013.6666666666667,107,KS,7.25,29537291,2974930,100857,676,3334,0.032093581283743254,1,0
20013,2013,4,"Brown County, Kansas",412323,163633,3153,277,Private,1,2013-10-01,2013.75,120,KS,7.25,32203453,2620973,92216,742,3328,0.036057692307692304,1,0
20013,2013,4,"Brown County, Kansas",412323,163633,3153,277,Private,2,2013-11-01,2013.8333333333333,120,KS,7.25,32203453,2620973,92216,742,3351,0.03581020590868397,1,0
20013,2013,4,"Brown County, Kansas",412323,163633,3153,277,Private,3,2013-12-01,2013.9166666666667,104,KS,7.25,32203453,2620973,92216,742,3338,0.03115638106650689,1,0
20021,2013,1,"Cherokee County, Kansas",523029,502260,12216,193,Private,1,2013-01-01,2013,190,KS,7.25,36140451,24207375,1107573,640,4295,0.04423748544819558,1,0
20021,2013,1,"Cherokee County, Kansas",523029,502260,12216,193,Private,2,2013-02-01,2013.0833333333333,209,KS,7.25,36140451,24207375,1107573,640,4336,0.04820110701107011,1,0
20021,2013,1,"Cherokee County, Kansas",523029,502260,12216,193,Private,3,2013-03-01,2013.1666666666667,225,KS,7.25,36140451,24207375,1107573,640,4396,0.051182893539581435,1,0
20021,2013,2,"Cherokee County, Kansas",581106,457364,10891,192,Private,1,2013-04-01,2013.25,239,KS,7.25,37587159,7226807,313693,652,4419,0.0540846345326997,1,0
20021,2013,2,"Cherokee County, Kansas",581106,457364,10891,192,Private,2,2013-05-01,2013.3333333333333,244,KS,7.25,37587159,7226807,313693,652,4437,0.054992111787243635,1,0
20021,2013,2,"Cherokee County, Kansas",581106,457364,10891,192,Private,3,2013-06-01,2013.4166666666667,217,KS,7.25,37587159,7226807,313693,652,4446,0.04880791722896986,1,0
20021,2013,3,"Cherokee County, Kansas",612784,347404,7920,210,Private,1,2013-07-01,2013.5,226,KS,7.25,40954736,4108434,176483,729,4299,0.052570365201209585,1,0
20021,2013,3,"Cherokee County, Kansas",612784,347404,7920,210,Private,2,2013-08-01,2013.5833333333333,227,KS,7.25,40954736,4108434,176483,729,4318,0.05257063455303381,1,0
20021,2013,3,"Cherokee County, Kansas",612784,347404,7920,210,Private,3,2013-09-01,2013.6666666666667,221,KS,7.25,40954736,4108434,176483,729,4340,0.050921658986175115,1,0
20021,2013,4,"Cherokee County, Kansas",581350,242816,5598,212,Private,1,2013-10-01,2013.75,213,KS,7.25,40454368,3944020,172353,685,4532,0.0469991173874669,1,0
20021,2013,4,"Cherokee County, Kansas",581350,242816,5598,212,Private,2,2013-11-01,2013.8333333333333,207,KS,7.25,40454368,3944020,172353,685,4551,0.045484508899143045,1,0
20021,2013,4,"Cherokee County, Kansas",581350,242816,5598,212,Private,3,2013-12-01,2013.9166666666667,214,KS,7.25,40454368,3944020,172353,685,4555,0.04698133918770582,1,0
20091,2013,1,"Johnson County, Kansas",25323800,22580976,588164,253,Private,1,2013-01-01,2013,7715,KS,7.25,3826540258,1706178642,75552473,1043,281774,0.02738009894454421,1,0
20091,2013,1,"Johnson County, Kansas",25323800,22580976,588164,253,Private,2,2013-02-01,2013.0833333333333,7628,KS,7.25,3826540258,1706178642,75552473,1043,281546,0.027093263622995887,1,0
20091,2013,1,"Johnson County, Kansas",25323800,22580976,588164,253,Private,3,2013-03-01,2013.1666666666667,7779,KS,7.25,3826540258,1706178642,75552473,1043,283238,0.027464535125936492,1,0
20091,2013,2,"Johnson County, Kansas",26672355,16498103,441209,253,Private,1,2013-04-01,2013.25,7956,KS,7.25,3621291683,462650258,18874348,960,287461,0.02767679789606242,1,0
20091,2013,2,"Johnson County, Kansas",26672355,16498103,441209,253,Private,2,2013-05-01,2013.3333333333333,8140,KS,7.25,3621291683,462650258,18874348,960,289969,0.028071966313640423,1,0
20091,2013,2,"Johnson County, Kansas",26672355,16498103,441209,253,Private,3,2013-06-01,2013.4166666666667,8256,KS,7.25,3621291683,462650258,18874348,960,293337,0.0281451027316704,1,0
20091,2013,3,"Johnson County, Kansas",28059356,13210207,356628,267,Private,1,2013-07-01,2013.5,8215,KS,7.25,3636154231,332674048,13756922,953,294178,0.02792526973465045,1,0
20091,2013,3,"Johnson County, Kansas",28059356,13210207,356628,267,Private,2,2013-08-01,2013.5833333333333,8214,KS,7.25,3636154231,332674048,13756922,953,294898,0.027853698566962137,1,0
20091,2013,3,"Johnson County, Kansas",28059356,13210207,356628,267,Private,3,2013-09-01,2013.6666666666667,7850,KS,7.25,3636154231,332674048,13756922,953,291561,0.026924039909315717,1,0
20091,2013,4,"Johnson County, Kansas",27849720,10473682,295643,268,Private,1,2013-10-01,2013.75,7991,KS,7.25,4000285113,293849455,12062242,1043,293688,0.027209147122115987,1,0
20091,2013,4,"Johnson County, Kansas",27849720,10473682,295643,268,Private,2,2013-11-01,2013.8333333333333,8009,KS,7.25,4000285113,293849455,12062242,1043,295513,0.027102022584454828,1,0
20091,2013,4,"Johnson County, Kansas",27849720,10473682,295643,268,Private,3,2013-12-01,2013.9166666666667,7979,KS,7.25,4000285113,293849455,12062242,1043,295990,0.026956991790263184,1,0
20103,2013,1,"Leavenworth County, Kansas",1473459,1339338,40095,203,Private,1,2013-01-01,2013,550,KS,7.25,104877337,63339804,2696866,667,12008,0.045802798134576946,1,0
20103,2013,1,"Leavenworth County, Kansas",1473459,1339338,40095,203,Private,2,2013-02-01,2013.0833333333333,556,KS,7.25,104877337,63339804,2696866,667,12141,0.045795239271888645,1,0
20103,2013,1,"Leavenworth County, Kansas",1473459,1339338,40095,203,Private,3,2013-03-01,2013.1666666666667,571,KS,7.25,104877337,63339804,2696866,667,12129,0.04707725286503422,1,0
20103,2013,2,"Leavenworth County, Kansas",1762808,1335962,42437,234,Private,1,2013-04-01,2013.25,568,KS,7.25,106661661,22216758,1001360,657,12327,0.046077715583678104,1,0
20103,2013,2,"Leavenworth County, Kansas",1762808,1335962,42437,234,Private,2,2013-05-01,2013.3333333333333,572,KS,7.25,106661661,22216758,1001360,657,12509,0.04572707650491646,1,0
20103,2013,2,"Leavenworth County, Kansas",1762808,1335962,42437,234,Private,3,2013-06-01,2013.4166666666667,596,KS,7.25,106661661,22216758,1001360,657,12616,0.04724159797083069,1,0
20103,2013,3,"Leavenworth County, Kansas",1903106,1098007,36054,228,Private,1,2013-07-01,2013.5,645,KS,7.25,108477900,13988288,629338,682,12248,0.05266165904637492,1,0
20103,2013,3,"Leavenworth County, Kansas",1903106,1098007,36054,228,Private,2,2013-08-01,2013.5833333333333,653,KS,7.25,108477900,13988288,629338,682,12266,0.053236588945051365,1,0
20103,2013,3,"Leavenworth County, Kansas",1903106,1098007,36054,228,Private,3,2013-09-01,2013.6666666666667,630,KS,7.25,108477900,13988288,629338,682,12186,0.051698670605613,1,0
20103,2013,4,"Leavenworth County, Kansas",1868286,806768,26721,239,Private,1,2013-10-01,2013.75,622,KS,7.25,111586227,12117615,508038,702,12227,0.05087102314549767,1,0
20103,2013,4,"Leavenworth County, Kansas",1868286,806768,26721,239,Private,2,2013-11-01,2013.8333333333333,597,KS,7.25,111586227,12117615,508038,702,12252,0.04872673849167483,1,0
20103,2013,4,"Leavenworth County, Kansas",1868286,806768,26721,239,Private,3,2013-12-01,2013.9166666666667,585,KS,7.25,111586227,12117615,508038,702,12197,0.04796261375748135,1,0
20209,2013,1,"Wyandotte County, Kansas",6308708,5396452,157282,269,Private,1,2013-01-01,2013,1821,KS,7.25,742815276,446029282,18039042,878,64999,0.028015815627932737,1,0
20209,2013,1,"Wyandotte County, Kansas",6308708,5396452,157282,269,Private,2,2013-02-01,2013.0833333333333,1798,KS,7.25,742815276,446029282,18039042,878,64337,0.027946593717456517,1,0
20209,2013,1,"Wyandotte County, Kansas",6308708,5396452,157282,269,Private,3,2013-03-01,2013.1666666666667,1801,KS,7.25,742815276,446029282,18039042,878,65974,0.02729863279473732,1,0
20209,2013,2,"Wyandotte County, Kansas",6757370,3814529,113804,280,Private,1,2013-04-01,2013.25,1836,KS,7.25,718967682,182551885,4747681,815,66666,0.027540275402754028,1,0
20209,2013,2,"Wyandotte County, Kansas",6757370,3814529,113804,280,Private,2,2013-05-01,2013.3333333333333,1867,KS,7.25,718967682,182551885,4747681,815,67988,0.02746072836382891,1,0
20209,2013,2,"Wyandotte County, Kansas",6757370,3814529,113804,280,Private,3,2013-06-01,2013.4166666666667,1866,KS,7.25,718967682,182551885,4747681,815,68948,0.02706387422405291,1,0
20209,2013,3,"Wyandotte County, Kansas",7522076,3031723,91561,300,Private,1,2013-07-01,2013.5,2101,KS,7.25,776652643,173037833,3231092,863,69259,0.030335407672649042,1,0
20209,2013,3,"Wyandotte County, Kansas",7522076,3031723,91561,300,Private,2,2013-08-01,2013.5833333333333,1879,KS,7.25,776652643,173037833,3231092,863,68888,0.027276158402043896,1,0
20209,2013,3,"Wyandotte County, Kansas",7522076,3031723,91561,300,Private,3,2013-09-01,2013.6666666666667,1803,KS,7.25,776652643,173037833,3231092,863,69623,0.025896614624477544,1,0
20209,2013,4,"Wyandotte County, Kansas",7091920,2206958,68636,298,Private,1,2013-10-01,2013.75,1845,KS,7.25,815435088,145521839,2851615,898,69949,0.026376359919369825,1,0
20209,2013,4,"Wyandotte County, Kansas",7091920,2206958,68636,298,Private,2,2013-11-01,2013.8333333333333,1835,KS,7.25,815435088,145521839,2851615,898,69699,0.02632749393822006,1,0
20209,2013,4,"Wyandotte County, Kansas",7091920,2206958,68636,298,Private,3,2013-12-01,2013.9166666666667,1818,KS,7.25,815435088,145521839,2851615,898,69798,0.026046591592882317,1,0
29011,2013,1,"Barton County, Missouri",499796,497354,4710,184,Private,1,2013-01-01,2013,213,MO,7.35,15240728,13326268,344348,495,2367,0.08998732572877059,1,1
29011,2013,1,"Barton County, Missouri",499796,497354,4710,184,Private,2,2013-02-01,2013.0833333333333,209,MO,7.35,15240728,13326268,344348,495,2363,0.08844688954718578,1,1
29011,2013,1,"Barton County, Missouri",499796,497354,4710,184,Private,3,2013-03-01,2013.1666666666667,205,MO,7.35,15240728,13326268,344348,495,2380,0.0861344537815126,1,1
29011,2013,2,"Barton County, Missouri",561269,519385,4856,170,Private,1,2013-04-01,2013.25,254,MO,7.35,15211925,8440433,211134,472,2477,0.10254339927331449,1,1
29011,2013,2,"Barton County, Missouri",561269,519385,4856,170,Private,2,2013-05-01,2013.3333333333333,251,MO,7.35,15211925,8440433,211134,472,2482,0.10112812248186946,1,1
29011,2013,2,"Barton County, Missouri",561269,519385,4856,170,Private,3,2013-06-01,2013.4166666666667,255,MO,7.35,15211925,8440433,211134,472,2476,0.10298869143780291,1,1
29011,2013,3,"Barton County, Missouri",608755,511919,4611,175,Private,1,2013-07-01,2013.5,267,MO,7.35,15459083,4605536,83398,477,2530,0.10553359683794467,1,1
29011,2013,3,"Barton County, Missouri",608755,511919,4611,175,Private,2,2013-08-01,2013.5833333333333,268,MO,7.35,15459083,4605536,83398,477,2472,0.10841423948220065,1,1
29011,2013,3,"Barton County, Missouri",608755,511919,4611,175,Private,3,2013-09-01,2013.6666666666667,266,MO,7.35,15459083,4605536,83398,477,2470,0.1076923076923077,1,1
29011,2013,4,"Barton County, Missouri",575007,398734,3588,188,Private,1,2013-10-01,2013.75,241,MO,7.35,15590396,3192583,63261,495,2429,0.09921778509674763,1,1
29011,2013,4,"Barton County, Missouri",575007,398734,3588,188,Private,2,2013-11-01,2013.8333333333333,236,MO,7.35,15590396,3192583,63261,495,2422,0.09744013212221304,1,1
29011,2013,4,"Barton County, Missouri",575007,398734,3588,188,Private,3,2013-12-01,2013.9166666666667,228,MO,7.35,15590396,3192583,63261,495,2420,0.09421487603305785,1,1
29013,2013,1,"Bates County, Missouri",305020,303089,1916,186,Private,1,2013-01-01,2013,128,MO,7.35,13937433,12099447,227940,471,2290,0.05589519650655022,1,1
29013,2013,1,"Bates County, Missouri",305020,303089,1916,186,Private,2,2013-02-01,2013.0833333333333,121,MO,7.35,13937433,12099447,227940,471,2257,0.05361098803721755,1,1
29013,2013,1,"Bates County, Missouri",305020,303089,1916,186,Private,3,2013-03-01,2013.1666666666667,129,MO,7.35,13937433,12099447,227940,471,2275,0.056703296703296706,1,1
29013,2013,2,"Bates County, Missouri",333325,307223,1908,167,Private,1,2013-04-01,2013.25,149,MO,7.35,14645057,7440211,140782,474,2341,0.06364801366937206,1,1
29013,2013,2,"Bates County, Missouri",333325,307223,1908,167,Private,2,2013-05-01,2013.3333333333333,151,MO,7.35,14645057,7440211,140782,474,2395,0.06304801670146137,1,1
29013,2013,2,"Bates County, Missouri",333325,307223,1908,167,Private,3,2013-06-01,2013.4166666666667,160,MO,7.35,14645057,7440211,140782,474,2401,0.06663890045814244,1,1
29013,2013,3,"Bates County, Missouri",389833,334238,2194,191,Private,1,2013-07-01,2013.5,159,MO,7.35,15078462,4588648,85900,490,2353,0.06757331066723332,1,1
29013,2013,3,"Bates County, Missouri",389833,334238,2194,191,Private,2,2013-08-01,2013.5833333333333,157,MO,7.35,15078462,4588648,85900,490,2391,0.06566290255123379,1,1
29013,2013,3,"Bates County, Missouri",389833,334238,2194,191,Private,3,2013-09-01,2013.6666666666667,155,MO,7.35,15078462,4588648,85900,490,2363,0.06559458315700381,1,1
29013,2013,4,"Bates County, Missouri",360847,250231,1760,189,Private,1,2013-10-01,2013.75,150,MO,7.35,16065513,3223511,63276,526,2337,0.06418485237483953,1,1
29013,2013,4,"Bates County, Missouri",360847,250231,1760,189,Private,2,2013-11-01,2013.8333333333333,147,MO,7.35,16065513,3223511,63276,526,2366,0.0621301775147929,1,1
29013,2013,4,"Bates County, Missouri",360847,250231,1760,189,Private,3,2013-12-01,2013.9166666666667,144,MO,7.35,16065513,3223511,63276,526,2352,0.061224489795918366,1,1
29021,2013,1,"Buchanan County, Missouri",3906910,3771976,39930,211,Private,1,2013-01-01,2013,1407,MO,7.35,389845840,247836026,5127760,755,39768,0.0353802051901026,1,1
29021,2013,1,"Buchanan County, Missouri",3906910,3771976,39930,211,Private,2,2013-02-01,2013.0833333333333,1433,MO,7.35,389845840,247836026,5127760,755,39630,0.0361594751450921,1,1
29021,2013,1,"Buchanan County, Missouri",3906910,3771976,39930,211,Private,3,2013-03-01,2013.1666666666667,1436,MO,7.35,389845840,247836026,5127760,755,39813,0.03606862080225052,1,1
29021,2013,2,"Buchanan County, Missouri",4194121,3607464,41634,214,Private,1,2013-04-01,2013.25,1475,MO,7.35,378365264,110780066,2398319,719,40244,0.036651426299572604,1,1
29021,2013,2,"Buchanan County, Missouri",4194121,3607464,41634,214,Private,2,2013-05-01,2013.3333333333333,1506,MO,7.35,378365264,110780066,2398319,719,40507,0.037178759226800306,1,1
29021,2013,2,"Buchanan County, Missouri",4194121,3607464,41634,214,Private,3,2013-06-01,2013.4166666666667,1534,MO,7.35,378365264,110780066,2398319,719,40698,0.03769226989041231,1,1
29021,2013,3,"Buchanan County, Missouri",4457303,3349385,39903,226,Private,1,2013-07-01,2013.5,1531,MO,7.35,383835517,58042793,1261061,735,40052,0.038225307100769,1,1
29021,2013,3,"Buchanan County, Missouri",4457303,3349385,39903,226,Private,2,2013-08-01,2013.5833333333333,1544,MO,7.35,383835517,58042793,1261061,735,40352,0.038263283108643936,1,1
29021,2013,3,"Buchanan County, Missouri",4457303,3349385,39903,226,Private,3,2013-09-01,2013.6666666666667,1480,MO,7.35,383835517,58042793,1261061,735,40170,0.036843415484192184,1,1
29021,2013,4,"Buchanan County, Missouri",4488164,2679541,32443,238,Private,1,2013-10-01,2013.75,1464,MO,7.35,407422941,45434391,1006893,779,40091,0.036516923997904766,1,1
29021,2013,4,"Buchanan County, Missouri",4488164,2679541,32443,238,Private,2,2013-11-01,2013.8333333333333,1466,MO,7.35,407422941,45434391,1006893,779,40364,0.03631949261718363,1,1
29021,2013,4,"Buchanan County, Missouri",4488164,2679541,32443,238,Private,3,2013-12-01,2013.9166666666667,1427,MO,7.35,407422941,45434391,1006893,779,40240,0.03546222664015904,1,1
29037,2013,1,"Cass County, Missouri",2915083,2822470,29790,227,Private,1,2013-01-01,2013,978,MO,7.35,128076904,105832447,2290993,559,17474,0.055968868032505434,1,1
29037,2013,1,"Cass County, Missouri",2915083,2822470,29790,227,Private,2,2013-02-01,2013.0833333333333,980,MO,7.35,128076904,105832447,2290993,559,17719,0.05530786161747277,1,1
29037,2013,1,"Cass County, Missouri",2915083,2822470,29790,227,Private,3,2013-03-01,2013.1666666666667,999,MO,7.35,128076904,105832447,2290993,559,17652,0.05659415363698164,1,1
29037,2013,2,"Cass County, Missouri",3107751,2562848,26886,226,Private,1,2013-04-01,2013.25,1030,MO,7.35,135121970,63914277,1416613,563,18199,0.05659651629210396,1,1
29037,2013,2,"Cass County, Missouri",3107751,2562848,26886,226,Private,2,2013-05-01,2013.3333333333333,1056,MO,7.35,135121970,63914277,1416613,563,18592,0.05679862306368331,1,1
29037,2013,2,"Cass County, Missouri",3107751,2562848,26886,226,Private,3,2013-06-01,2013.4166666666667,1089,MO,7.35,135121970,63914277,1416613,563,18575,0.058627187079407804,1,1
29037,2013,3,"Cass County, Missouri",3388335,2321416,26597,249,Private,1,2013-07-01,2013.5,1084,MO,7.35,140306794,38613415,887602,570,18821,0.05759523936028904,1,1
29037,2013,3,"Cass County, Missouri",3388335,2321416,26597,249,Private,2,2013-08-01,2013.5833333333333,1043,MO,7.35,140306794,38613415,887602,570,19001,0.05489184779748434,1,1
29037,2013,3,"Cass County, Missouri",3388335,2321416,26597,249,Private,3,2013-09-01,2013.6666666666667,1010,MO,7.35,140306794,38613415,887602,570,18937,0.053334741511327034,1,1
29037,2013,4,"Cass County, Missouri",3189878,1765169,24058,237,Private,1,2013-10-01,2013.75,1044,MO,7.35,151435168,29259795,711564,614,18981,0.055002370791844474,1,1
29037,2013,4,"Cass County, Missouri",3189878,1765169,24058,237,Private,2,2013-11-01,2013.8333333333333,1029,MO,7.35,151435168,29259795,711564,614,18985,0.054200684751119305,1,1
29037,2013,4,"Cass County, Missouri",3189878,1765169,24058,237,Private,3,2013-12-01,2013.9166666666667,1032,MO,7.35,151435168,29259795,711564,614,18906,0.05458584576324976,1,1
29047,2013,1,"Clay County, Missouri",9779197,9480494,126903,243,Private,1,2013-01-01,2013,3122,MO,7.35,815798969,541264896,12055751,883,70633,0.04420030297453032,1,1
29047,2013,1,"Clay County, Missouri",9779197,9480494,126903,243,Private,2,2013-02-01,2013.0833333333333,3055,MO,7.35,815798969,541264896,12055751,883,70721,0.04319791858146802,1,1
29047,2013,1,"Clay County, Missouri",9779197,9480494,126903,243,Private,3,2013-03-01,2013.1666666666667,3108,MO,7.35,815798969,541264896,12055751,883,71741,0.043322507352838685,1,1
29047,2013,2,"Clay County, Missouri",9816494,8207162,107541,234,Private,1,2013-04-01,2013.25,3185,MO,7.35,812633584,216473277,4684747,838,73406,0.04338882380186906,1,1
29047,2013,2,"Clay County, Missouri",9816494,8207162,107541,234,Private,2,2013-05-01,2013.3333333333333,3215,MO,7.35,812633584,216473277,4684747,838,74439,0.04318972581576862,1,1
29047,2013,2,"Clay County, Missouri",9816494,8207162,107541,234,Private,3,2013-06-01,2013.4166666666667,3261,MO,7.35,812633584,216473277,4684747,838,75838,0.04299955167594082,1,1
29047,2013,3,"Clay County, Missouri",10949796,7732354,102825,254,Private,1,2013-07-01,2013.5,3324,MO,7.35,822282178,135175229,3091109,839,73733,0.04508157812648339,1,1
29047,2013,3,"Clay County, Missouri",10949796,7732354,102825,254,Private,2,2013-08-01,2013.5833333333333,3360,MO,7.35,822282178,135175229,3091109,839,76496,0.043923865300146414,1,1
29047,2013,3,"Clay County, Missouri",10949796,7732354,102825,254,Private,3,2013-09-01,2013.6666666666667,3259,MO,7.35,822282178,135175229,3091109,839,75812,0.04298791748008231,1,1
29047,2013,4,"Clay County, Missouri",10220330,5939799,83606,245,Private,1,2013-10-01,2013.75,3245,MO,7.35,893859259,104891804,2575436,906,76244,0.04256072608992183,1,1
29047,2013,4,"Clay County, Missouri",10220330,5939799,83606,245,Private,2,2013-11-01,2013.8333333333333,3175,MO,7.35,893859259,104891804,2575436,906,75513,0.042045740468528596,1,1
29047,2013,4,"Clay County, Missouri",10220330,5939799,83606,245,Private,3,2013-12-01,2013.9166666666667,3214,MO,7.35,893859259,104891804,2575436,906,75911,0.042339054945923514,1,1
29095,2013,1,"Jackson County, Missouri",32609987,31619226,438556,248,Private,1,2013-01-01,2013,10042,MO,7.35,3652513710,2101998400,44372449,988,282892,0.03549764574466581,1,1
29095,2013,1,"Jackson County, Missouri",32609987,31619226,438556,248,Private,2,2013-02-01,2013.0833333333333,10073,MO,7.35,3652513710,2101998400,44372449,988,284368,0.03542241039779441,1,1
29095,2013,1,"Jackson County, Missouri",32609987,31619226,438556,248,Private,3,2013-03-01,2013.1666666666667,10185,MO,7.35,3652513710,2101998400,44372449,988,285824,0.03563381661442006,1,1
29095,2013,2,"Jackson County, Missouri",34151563,28287268,390551,248,Private,1,2013-04-01,2013.25,10379,MO,7.35,3397031404,777213642,18026958,901,288604,0.03596277251874541,1,1
29095,2013,2,"Jackson County, Missouri",34151563,28287268,390551,248,Private,2,2013-05-01,2013.3333333333333,10702,MO,7.35,3397031404,777213642,18026958,901,289963,0.036908157247648836,1,1
29095,2013,2,"Jackson County, Missouri",34151563,28287268,390551,248,Private,3,2013-06-01,2013.4166666666667,10755,MO,7.35,3397031404,777213642,18026958,901,291740,0.03686501679577706,1,1
29095,2013,3,"Jackson County, Missouri",36589671,25154127,354151,264,Private,1,2013-07-01,2013.5,10782,MO,7.35,3551657977,433440676,10196248,936,291464,0.036992561688579034,1,1
29095,2013,3,"Jackson County, Missouri",36589671,25154127,354151,264,Private,2,2013-08-01,2013.5833333333333,10680,MO,7.35,3551657977,433440676,10196248,936,293355,0.03640640179986705,1,1
29095,2013,3,"Jackson County, Missouri",36589671,25154127,354151,264,Private,3,2013-09-01,2013.6666666666667,10531,MO,7.35,3551657977,433440676,10196248,936,291294,0.036152478252212544,1,1
29095,2013,4,"Jackson County, Missouri",36191825,20046084,290839,260,Private,1,2013-10-01,2013.75,10775,MO,7.35,3865958527,340034667,8205410,1016,293443,0.036719226561887655,1,1
29095,2013,4,"Jackson County, Missouri",36191825,20046084,290839,260,Private,2,2013-11-01,2013.8333333333333,10681,MO,7.35,3865958527,340034667,8205410,1016,292779,0.03648144163345049,1,1
29095,2013,4,"Jackson County, Missouri",36191825,20046084,290839,260,Private,3,2013-12-01,2013.9166666666667,10671,MO,7.35,3865958527,340034667,8205410,1016,292167,0.03652363203236505,1,1
29097,2013,1,"Jasper County, Missouri",5077380,4956118,57056,212,Private,1,2013-01-01,2013,1832,MO,7.35,491381181,323269985,5720117,733,51339,0.035684372504333935,1,1
29097,2013,1,"Jasper County, Missouri",5077380,4956118,57056,212,Private,2,2013-02-01,2013.0833333333333,1821,MO,7.35,491381181,323269985,5720117,733,51485,0.03536952510439934,1,1
29097,2013,1,"Jasper County, Missouri",5077380,4956118,57056,212,Private,3,2013-03-01,2013.1666666666667,1886,MO,7.35,491381181,323269985,5720117,733,51890,0.0363461167855078,1,1
29097,2013,2,"Jasper County, Missouri",5365835,4623764,55126,202,Private,1,2013-04-01,2013.25,2001,MO,7.35,462140309,152327482,2907151,675,52565,0.03806715495101303,1,1
29097,2013,2,"Jasper County, Missouri",5365835,4623764,55126,202,Private,2,2013-05-01,2013.3333333333333,2094,MO,7.35,462140309,152327482,2907151,675,52574,0.039829573553467494,1,1
29097,2013,2,"Jasper County, Missouri",5365835,4623764,55126,202,Private,3,2013-06-01,2013.4166666666667,2037,MO,7.35,462140309,152327482,2907151,675,52916,0.03849497316501625,1,1
29097,2013,3,"Jasper County, Missouri",5285266,3846392,43227,217,Private,1,2013-07-01,2013.5,1905,MO,7.35,472106153,79831220,1567514,690,52517,0.03627396842927052,1,1
29097,2013,3,"Jasper County, Missouri",5285266,3846392,43227,217,Private,2,2013-08-01,2013.5833333333333,1860,MO,7.35,472106153,79831220,1567514,690,52784,0.03523795089421037,1,1
29097,2013,3,"Jasper County, Missouri",5285266,3846392,43227,217,Private,3,2013-09-01,2013.6666666666667,1850,MO,7.35,472106153,79831220,1567514,690,52578,0.03518581916390886,1,1
29097,2013,4,"Jasper County, Missouri",5528597,3317877,39223,226,Private,1,2013-10-01,2013.75,1888,MO,7.35,488975903,62802913,1276822,711,52574,0.03591128694792103,1,1
29097,2013,4,"Jasper County, Missouri",5528597,3317877,39223,226,Private,2,2013-11-01,2013.8333333333333,1880,MO,7.35,488975903,62802913,1276822,711,53200,0.035338345864661655,1,1
29097,2013,4,"Jasper County, Missouri",5528597,3317877,39223,226,Private,3,2013-12-01,2013.9166666666667,1878,MO,7.35,488975903,62802913,1276822,711,53039,0.0354079073889025,1,1
29145,2013,1,"Newton County, Missouri",1696204,1625505,12099,235,Private,1,2013-01-01,2013,555,MO,7.35,116110812,87091745,1863988,610,14576,0.03807628979143798,1,1
29145,2013,1,"Newton County, Missouri",1696204,1625505,12099,235,Private,2,2013-02-01,2013.0833333333333,548,MO,7.35,116110812,87091745,1863988,610,14601,0.037531675912608725,1,1
29145,2013,1,"Newton County, Missouri",1696204,1625505,12099,235,Private,3,2013-03-01,2013.1666666666667,566,MO,7.35,116110812,87091745,1863988,610,14743,0.03839110086142576,1,1
29145,2013,2,"Newton County, Missouri",1753342,1454034,11724,217,Private,1,2013-04-01,2013.25,609,MO,7.35,112888092,47169537,1008691,585,14829,0.04106817722031155,1,1
29145,2013,2,"Newton County, Missouri",1753342,1454034,11724,217,Private,2,2013-05-01,2013.3333333333333,633,MO,7.35,112888092,47169537,1008691,585,14809,0.042744277128773045,1,1
29145,2013,2,"Newton County, Missouri",1753342,1454034,11724,217,Private,3,2013-06-01,2013.4166666666667,619,MO,7.35,112888092,47169537,1008691,585,14904,0.04153247450348899,1,1
29145,2013,3,"Newton County, Missouri",1854342,1293227,9509,241,Private,1,2013-07-01,2013.5,579,MO,7.35,116654393,24152981,458140,604,14817,0.03907673618141324,1,1
29145,2013,3,"Newton County, Missouri",1854342,1293227,9509,241,Private,2,2013-08-01,2013.5833333333333,583,MO,7.35,116654393,24152981,458140,604,14898,0.039132769499261644,1,1
29145,2013,3,"Newton County, Missouri",1854342,1293227,9509,241,Private,3,2013-09-01,2013.6666666666667,616,MO,7.35,116654393,24152981,458140,604,14868,0.04143126177024482,1,1
29145,2013,4,"Newton County, Missouri",1827854,1101517,9222,223,Private,1,2013-10-01,2013.75,591,MO,7.35,119406940,16978819,328012,618,14885,0.03970440040309036,1,1
29145,2013,4,"Newton County, Missouri",1827854,1101517,9222,223,Private,2,2013-11-01,2013.8333333333333,649,MO,7.35,119406940,16978819,328012,618,14961,0.043379453245103936,1,1
29145,2013,4,"Newton County, Missouri",1827854,1101517,9222,223,Private,3,2013-12-01,2013.9166666666667,654,MO,7.35,119406940,16978819,328012,618,14776,0.04426096372495939,1,1
29165,2013,1,"Platte County, Missouri",4021315,3896922,45478,251,Private,1,2013-01-01,2013,1250,MO,7.35,351507522,247931356,5474364,777,35106,0.035606449040050135,1,1
29165,2013,1,"Platte County, Missouri",4021315,3896922,45478,251,Private,2,2013-02-01,2013.0833333333333,1222,MO,7.35,351507522,247931356,5474364,777,34377,0.035547022718678184,1,1
29165,2013,1,"Platte County, Missouri",4021315,3896922,45478,251,Private,3,2013-03-01,2013.1666666666667,1231,MO,7.35,351507522,247931356,5474364,777,34979,0.0351925440978873,1,1
29165,2013,2,"Platte County, Missouri",4002720,3296895,37444,239,Private,1,2013-04-01,2013.25,1261,MO,7.35,364639314,112234836,2481422,778,35787,0.03523625897672339,1,1
29165,2013,2,"Platte County, Missouri",4002720,3296895,37444,239,Private,2,2013-05-01,2013.3333333333333,1285,MO,7.35,364639314,112234836,2481422,778,36169,0.03552766180983715,1,1
29165,2013,2,"Platte County, Missouri",4002720,3296895,37444,239,Private,3,2013-06-01,2013.4166666666667,1321,MO,7.35,364639314,112234836,2481422,778,36184,0.03650784877293831,1,1
29165,2013,3,"Platte County, Missouri",4488478,3097021,35932,262,Private,1,2013-07-01,2013.5,1313,MO,7.35,353582684,57575584,1317738,764,35661,0.03681893384930316,1,1
29165,2013,3,"Platte County, Missouri",4488478,3097021,35932,262,Private,2,2013-08-01,2013.5833333333333,1333,MO,7.35,353582684,57575584,1317738,764,35623,0.03741964461162732,1,1
29165,2013,3,"Platte County, Missouri",4488478,3097021,35932,262,Private,3,2013-09-01,2013.6666666666667,1300,MO,7.35,353582684,57575584,1317738,764,35482,0.036638295473761344,1,1
29165,2013,4,"Platte County, Missouri",4164639,2321415,28363,246,Private,1,2013-10-01,2013.75,1294,MO,7.35,375451764,45952971,1059283,802,35954,0.03599043221894643,1,1
29165,2013,4,"Platte County, Missouri",4164639,2321415,28363,246,Private,2,2013-11-01,2013.8333333333333,1314,MO,7.35,375451764,45952971,1059283,802,35967,0.03653348903161231,1,1
29165,2013,4,"Platte County, Missouri",4164639,2321415,28363,246,Private,3,2013-12-01,2013.9166666666667,1305,MO,7.35,375451764,45952971,1059283,802,36069,0.036180653746984946,1,1
29217,2013,1,"Vernon County, Missouri",616651,611293,8914,218,Private,1,2013-01-01,2013,211,MO,7.35,45772326,35243738,545619,652,5342,0.039498315237738675,1,1
29217,2013,1,"Vernon County, Missouri",616651,611293,8914,218,Private,2,2013-02-01,2013.0833333333333,219,MO,7.35,45772326,35243738,545619,652,5426,0.0403612237375599,1,1
29217,2013,1,"Vernon County, Missouri",616651,611293,8914,218,Private,3,2013-03-01,2013.1666666666667,222,MO,7.35,45772326,35243738,545619,652,5432,0.04086892488954345,1,1
29217,2013,2,"Vernon County, Missouri",733016,683054,10625,222,Private,1,2013-04-01,2013.25,245,MO,7.35,43570190,16670339,292613,602,5573,0.043961959447335365,1,1
29217,2013,2,"Vernon County, Missouri",733016,683054,10625,222,Private,2,2013-05-01,2013.3333333333333,260,MO,7.35,43570190,16670339,292613,602,5560,0.046762589928057555,1,1
29217,2013,2,"Vernon County, Missouri",733016,683054,10625,222,Private,3,2013-06-01,2013.4166666666667,257,MO,7.35,43570190,16670339,292613,602,5561,0.046214709584607085,1,1
29217,2013,3,"Vernon County, Missouri",732569,573509,8177,225,Private,1,2013-07-01,2013.5,261,MO,7.35,44554865,8572687,145110,630,5445,0.047933884297520664,1,1
29217,2013,3,"Vernon County, Missouri",732569,573509,8177,225,Private,2,2013-08-01,2013.5833333333333,256,MO,7.35,44554865,8572687,145110,630,5447,0.04699834771433817,1,1
29217,2013,3,"Vernon County, Missouri",732569,573509,8177,225,Private,3,2013-09-01,2013.6666666666667,233,MO,7.35,44554865,8572687,145110,630,5437,0.042854515357734047,1,1
29217,2013,4,"Vernon County, Missouri",709051,428452,6941,218,Private,1,2013-10-01,2013.75,256,MO,7.35,45874557,5773105,105388,643,5519,0.04638521471281029,1,1
29217,2013,4,"Vernon County, Missouri",709051,428452,6941,218,Private,2,2013-11-01,2013.8333333333333,246,MO,7.35,45874557,5773105,105388,643,5486,0.044841414509660955,1,1
29217,2013,4,"Vernon County, Missouri",709051,428452,6941,218,Private,3,2013-12-01,2013.9166666666667,247,MO,7.35,45874557,5773105,105388,643,5469,0.04516364966172975,1,1
